section	offset	size	unit	scope	name	demangled
.text	0x00000000	0x98	st2_3/em_wrap.cpp	global	SetControl__10cEmControlsP3Vecii	cEmControl::SetControl
.text	0x00000098	0xAC	st2_3/em_wrap.cpp	global	SetTargetPos__10cEmControlP3Veci	cEmControl::SetTargetPos
.text	0x00000144	0x64	st2_3/em_wrap.cpp	global	SetPatrol__9cEmPatrolsP3VeciUci	cEmPatrol::SetPatrol
.text	0x000001A8	0xD0	st2_3/em_wrap.cpp	global	TaskMove__9cEmPatrolP9cEmPatrol	cEmPatrol::TaskMove
.text	0x00000278	0x30	st2_3/em_wrap.cpp	global	__7cEmWrap	cEmWrap::cEmWrap
.text	0x000002A8	0x1C	st2_3/em_wrap.cpp	global	initWork__7cEmWrap	cEmWrap::initWork
.text	0x000002C4	0x5C	st2_3/em_wrap.cpp	global	err__7cEmWrapPCci	cEmWrap::err
.text	0x00000320	0x100	st2_3/em_wrap.cpp	global	setEm__7cEmWrapsSciii	cEmWrap::setEm
.text	0x00000420	0x70	st2_3/em_wrap.cpp	global	setEm__FsSciii	setEm
.text	0x00000490	0xAC	st2_3/em_wrap.cpp	global	setPtr__7cEmWrapsSci	cEmWrap::setPtr
.text	0x0000053C	0x7C	st2_3/em_wrap.cpp	global	setPtr__7cEmWrapP3cEmi	cEmWrap::setPtr
.text	0x000005B8	0x54	st2_3/em_wrap.cpp	global	getPtr__7cEmWrap	cEmWrap::getPtr
.text	0x0000060C	0x40	st2_3/em_wrap.cpp	global	isAlive__7cEmWrap	cEmWrap::isAlive
.text	0x0000064C	0x50	st2_3/em_wrap.cpp	global	isActive__7cEmWrap	cEmWrap::isActive
.text	0x0000069C	0x80	st2_3/em_wrap.cpp	global	destroy__7cEmWrap	cEmWrap::destroy
.text	0x0000071C	0x78	st2_3/em_wrap.cpp	global	setTrans__7cEmWrapi	cEmWrap::setTrans
.text	0x00000794	0x70	st2_3/em_wrap.cpp	global	setNoSuspend__7cEmWrapi	cEmWrap::setNoSuspend
.text	0x00000804	0x58	st2_3/em_wrap.cpp	global	setHp__7cEmWraps	cEmWrap::setHp
.text	0x0000085C	0x58	st2_3/em_wrap.cpp	global	getHp__7cEmWrap	cEmWrap::getHp
.text	0x000008B4	0x58	st2_3/em_wrap.cpp	global	setCharacter__7cEmWrapUc	cEmWrap::setCharacter
.text	0x0000090C	0x70	st2_3/em_wrap.cpp	global	checkStatus__7cEmWrapi	cEmWrap::checkStatus
.text	0x0000097C	0x5C	st2_3/em_wrap.cpp	global	setPos__7cEmWrapP3Vec	cEmWrap::setPos
.text	0x000009D8	0x60	st2_3/em_wrap.cpp	global	setFlag__7cEmWrapUl	cEmWrap::setFlag
.text	0x00000A38	0x68	st2_3/em_wrap.cpp	global	ckFlag__7cEmWrapUl	cEmWrap::ckFlag
.text	0x00000AA0	0x84	st2_3/em_wrap.cpp	global	getPos__7cEmWrapP3Vec	cEmWrap::getPos
.text	0x00000B24	0x5C	st2_3/em_wrap.cpp	global	getPosY__7cEmWrap	cEmWrap::getPosY
.text	0x00000B80	0x64	st2_3/em_wrap.cpp	global	isNormalGanade__7cEmWrap	cEmWrap::isNormalGanade
.text	0x00000BE4	0xB4	st2_3/em_wrap.cpp	global	setGoto__7cEmWrapP3Veci	cEmWrap::setGoto
.text	0x00000C98	0xA8	st2_3/em_wrap.cpp	global	ckGoto__7cEmWrap	cEmWrap::ckGoto
.text	0x00000D40	0xCC	st2_3/em_wrap.cpp	global	ckResetEnable__7cEmWrap	cEmWrap::ckResetEnable
.text	0x00000E0C	0xA4	st2_3/em_wrap.cpp	global	setReset__7cEmWrap	cEmWrap::setReset
.text	0x00000EB0	0xA8	st2_3/em_wrap.cpp	global	setReset__7cEmWrapii	cEmWrap::setReset
.text	0x00000F58	0xD4	st2_3/em_wrap.cpp	global	ckFindPL__7cEmWrap	cEmWrap::ckFindPL
.text	0x0000102C	0xB8	st2_3/em_wrap.cpp	global	setFindPL__7cEmWrap	cEmWrap::setFindPL
.text	0x000010E4	0x12C	st2_3/em_wrap.cpp	global	SceCkFindPL__FPf	SceCkFindPL
.text	0x00001210	0x98	st2_3/cSceObj.cpp	global	move__7cSceObj	cSceObj::move
.text	0x000012A8	0x13A4	st2_3/cSceObj.cpp	global	move1__7cSceObj	cSceObj::move1
.text	0x0000264C	0x8	st2_3/cSceObj.cpp	global	move2__7cSceObj	cSceObj::move2
.text	0x00002654	0x3A8	st2_3/cSceObj.cpp	global	move3__7cSceObj	cSceObj::move3
.text	0x000029FC	0x88	st2_3/cSceObj.cpp	global	initMove1_pos__7cSceObjP6cModelUlP3Vecff	cSceObj::initMove1_pos
.text	0x00002A84	0x28	st2_3/cSceObj.cpp	global	setMove1_pos__7cSceObjUlP3Vecff	cSceObj::setMove1_pos
.text	0x00002AAC	0xBC	st2_3/cSceObj.cpp	global	initMove1_ang__7cSceObjP6cModelUlP3Vecffi	cSceObj::initMove1_ang
.text	0x00002B68	0x2C	st2_3/cSceObj.cpp	global	setMove1_ang__7cSceObjUlP3Vecffi	cSceObj::setMove1_ang
.text	0x00002B94	0xA0	st2_3/cSceObj.cpp	global	setMove1_all__7cSceObjUlP3VecT2ffi	cSceObj::setMove1_all
.text	0x00002C34	0x80	st2_3/cSceObj.cpp	global	initMove3_y__7cSceObjP6cModelP3Vecfff	cSceObj::initMove3_y
.text	0x00002CB4	0x8C	st2_3/cSceObj.cpp	global	setMove3_y__7cSceObjP3Vecfff	cSceObj::setMove3_y
.text	0x00002D40	0x2A4	st2_3/cSceObj.cpp	global	getVibrationValue__7cSceObjP3VecT1	cSceObj::getVibrationValue
.text	0x00002FE4	0xF4	st2_3/cSceObj.cpp	global	setSrcDstPos__7cSceObj	cSceObj::setSrcDstPos
.text	0x000030D8	0x304	st2_3/cSceObj.cpp	global	setStartPos__7cSceObj	cSceObj::setStartPos
.text	0x000033DC	0x304	st2_3/cSceObj.cpp	global	setEndPos__7cSceObj	cSceObj::setEndPos
.text	0x000036E0	0x34	st2_3/cSceObj.cpp	global	setStart__7cSceObj	cSceObj::setStart
.text	0x00003714	0x7C	st2_3/cSceObj.cpp	global	setReverse__7cSceObji	cSceObj::setReverse
.text	0x00003790	0x24	st2_3/cSceObj.cpp	global	setVibration__7cSceObjUsUsfff	cSceObj::setVibration
.text	0x000037B4	0x3EC	st2_3/r21a.cpp	global	R21aInit__Fv	R21aInit
.text	0x00003BA0	0x4	st2_3/r21a.cpp	global	R21aMain__Fv	R21aMain
.text	0x00003BA4	0xB8	st2_3/r21a.cpp	local	r21a_movedShelf__Fi	r21a_movedShelf
.text	0x00003C5C	0x124	st2_3/r21a.cpp	local	r21a_moveShelf__Fi	r21a_moveShelf
.text	0x00003D80	0x3D8	st2_3/r21a.cpp	local	R21aEmSetMain__Fv	R21aEmSetMain
.text	0x00004158	0x8C	st2_3/r21a.cpp	local	R21aDoorCheck__Fv	R21aDoorCheck
.text	0x000041E4	0x26C	st2_3/r21a.cpp	local	R21aDoorMain__Fv	R21aDoorMain
.text	0x00004450	0x64	st2_3/r21a.cpp	local	R21aDoorEnd__Fv	R21aDoorEnd
.text	0x000044B4	0x504	st2_3/r21a.cpp	local	R21aFallRoofStartMain__Fv	R21aFallRoofStartMain
.text	0x000049B8	0x1FC	st2_3/r21a.cpp	local	R21aFallRoofStartEnd__Fv	R21aFallRoofStartEnd
.text	0x00004BB4	0x2B0	st2_3/r21a.cpp	local	R21aFallRoofDie__Fi	R21aFallRoofDie
.text	0x00004E64	0x6E4	st2_3/r21a.cpp	local	R21aFallRoofMove__Fv	R21aFallRoofMove
.text	0x00005548	0x2B0	st2_3/r21a.cpp	local	R21aFallRoofEndMain__Fv	R21aFallRoofEndMain
.text	0x000057F8	0x9C	st2_3/r21a.cpp	local	R21aFallRoofEndEnd__Fv	R21aFallRoofEndEnd
.text	0x00005894	0x8C	st2_3/r21a.cpp	local	SceBgmCheck__Fv	SceBgmCheck
.text	0x00005920	0xBC	st2_3/r21a.cpp	global	countActiveWork__t8cManager1Z6cLight	cManager<cLight>::countActiveWork
.text	0x000059DC	0x158	st2_3/r21a.cpp	global	create__t8cManager1Z6cLighti	cManager<cLight>::create
.text	0x00005B34	0x3B0	st2_3/r21b.cpp	global	R21bInit__Fv	R21bInit
.text	0x00005EE4	0x10C	st2_3/r21b.cpp	global	R21bMain__Fv	R21bMain
.text	0x00005FF0	0x190	st2_3/r21b.cpp	local	r21b_GanadoJumpDownCheck__Fi	r21b_GanadoJumpDownCheck
.text	0x00006180	0x2A4	st2_3/r21b.cpp	local	r21b_HalfWayGanadoSet__Fv	r21b_HalfWayGanadoSet
.text	0x00006424	0x1E0	st2_3/r21b.cpp	local	r21b_SwitchMove__Fi	r21b_SwitchMove
.text	0x00006604	0x178	st2_3/r21b.cpp	local	r21b_GetDragonBall__Fv	r21b_GetDragonBall
.text	0x0000677C	0x5C	st2_3/r21b.cpp	local	r21b_GetDragonBallEndProc__Fv	r21b_GetDragonBallEndProc
.text	0x000067D8	0xC4	st2_3/r21b.cpp	local	r21b_DoorOpen__Fv	r21b_DoorOpen
.text	0x0000689C	0x9C	st2_3/r21b.cpp	local	r21b_StrPlay__Fv	r21b_StrPlay
.text	0x00006938	0x1D8	st2_3/r21b.cpp	local	r21b_HalfWaySwitchMove__Fv	r21b_HalfWaySwitchMove
.text	0x00006B10	0x90	st2_3/r21b.cpp	local	r21b_HalfWaySwitchMoveEndProc__Fv	r21b_HalfWaySwitchMoveEndProc
.text	0x00006BA0	0x1C4	st2_3/r21d.cpp	global	R21dInit__Fv	R21dInit
.text	0x00006D64	0x4	st2_3/r21d.cpp	global	R21dMain__Fv	R21dMain
.text	0x00006D68	0x21C	st2_3/r21d.cpp	global	r21d_checkEmResetPoint__FP3VecPf	r21d_checkEmResetPoint
.text	0x00006F84	0xC4	st2_3/r21d.cpp	local	r21d_setEmReset__Fi	r21d_setEmReset
.text	0x00007048	0xC4	st2_3/r21d.cpp	global	r21d_searchEmReset__Fv	r21d_searchEmReset
.text	0x0000710C	0x5C	st2_3/r21d.cpp	local	r21d_checkEmReset__Fv	r21d_checkEmReset
.text	0x00007168	0x74	st2_3/r21d.cpp	global	r21d_addEmSet__Fi	r21d_addEmSet
.text	0x000071DC	0x98	st2_3/r21d.cpp	local	r21d_setEmFinal__Fv	r21d_setEmFinal
.text	0x00007274	0x78	st2_3/r21d.cpp	global	r21d_setEm4__Fv	r21d_setEm4
.text	0x000072EC	0x40	st2_3/r21d.cpp	global	r21d_setEm3__Fv	r21d_setEm3
.text	0x0000732C	0x7C	st2_3/r21d.cpp	local	r21d_setEm2__Fv	r21d_setEm2
.text	0x000073A8	0xF0	st2_3/r21d.cpp	global	r21d_initEmSet__Fv	r21d_initEmSet
.text	0x00007498	0x11C	st2_3/r21d.cpp	global	r21d_initIronSeal__Fi	r21d_initIronSeal
.text	0x000075B4	0x3E4	st2_3/r21d.cpp	global	r21d_onSwitch__Fii	r21d_onSwitch
.text	0x00007998	0x154	st2_3/r21d.cpp	global	r21d_irradiateLaser__Fv	r21d_irradiateLaser
.text	0x00007AEC	0x138	st2_3/r21d.cpp	global	r21d_operateSwitch_end__FUl	r21d_operateSwitch_end
.text	0x00007C24	0x250	st2_3/r21d.cpp	local	r21d_operateSwitch__Fi	r21d_operateSwitch
.text	0x00007E74	0x2BC	st2_3/r21d.cpp	global	r21d_initSwitch__Fv	r21d_initSwitch
.text	0x00008130	0x1CC	st2_3/r21d.cpp	global	r21d_moveFence__Fv	r21d_moveFence
.text	0x000082FC	0x16C	st2_3/r21d.cpp	local	r21d_checkFence__Fv	r21d_checkFence
.text	0x00008468	0x194	st2_3/r21d.cpp	global	r21d_initFence__Fv	r21d_initFence
.text	0x000085FC	0x388	st2_3/r21d.cpp	local	r21d_moveGrave__Fi	r21d_moveGrave
.text	0x00008984	0x88	st2_3/r21d.cpp	local	r21d_checkGrave__Fv	r21d_checkGrave
.text	0x00008A0C	0x70	st2_3/r21d.cpp	local	r21d_checkBgmPlay__Fv	r21d_checkBgmPlay
.text	0x00008A7C	0x8	st2_3/r21d.cpp	global	stop__4TRAPi	TRAP::stop
.text	0x00008A84	0x458	st2_3/r21d.cpp	global	move__4TRAP	TRAP::move
.text	0x00008EDC	0x58	st2_3/r21d.cpp	local	r21d_setDeathTrap2nd__Fv	r21d_setDeathTrap2nd
.text	0x00008F34	0x180	st2_3/r21d.cpp	local	r21d_moveDeathTrap__Fv	r21d_moveDeathTrap
.text	0x000090B4	0x90	st2_3/r21d.cpp	local	r21d_checkDeathTrapSwitch_end__Fv	r21d_checkDeathTrapSwitch_end
.text	0x00009144	0x1BC	st2_3/r21d.cpp	local	r21d_checkDeathTrapSwitch__Fv	r21d_checkDeathTrapSwitch
.text	0x00009300	0xD4	st2_3/r21d.cpp	global	r21d_initDeathTrapSwitch__Fv	r21d_initDeathTrapSwitch
.text	0x000093D4	0x114	st2_3/r21d.cpp	local	setTexRender__Fv	setTexRender
.text	0x000094E8	0x3B8	st2_3/r21d.cpp	global	fn_st2_3_94E8	.
.text	0x000098A0	0x60	st2_3/r220.cpp	global	R220Init__Fv	R220Init
.text	0x00009900	0x4	st2_3/r220.cpp	global	R220Main__Fv	R220Main
.text	0x00009904	0x28C	st2_3/r220.cpp	global	r220_moveElevatoDoor__Fii	r220_moveElevatoDoor
.text	0x00009B90	0x3A4	st2_3/r220.cpp	local	r220_moveElevator__Fi	r220_moveElevator
.text	0x00009F34	0x2C	st2_3/r220.cpp	local	r220_operateElevator__Fv	r220_operateElevator
.text	0x00009F60	0xB4	st2_3/r220.cpp	global	r220_initElevator__Fv	r220_initElevator
.text	0x0000A014	0x4C	st2_3/r221.cpp	global	R221Init__Fv	R221Init
.text	0x0000A060	0x4	st2_3/r221.cpp	global	R221Main__Fv	R221Main
.text	0x0000A064	0x78	st2_3/r221.cpp	local	r221_appearBoss2nd__Fv	r221_appearBoss2nd
.text	0x0000A0DC	0xE0	st2_3/r221.cpp	global	r221_setShutterEff__Fi	r221_setShutterEff
.text	0x0000A1BC	0x80	st2_3/r221.cpp	local	r221_checkShutterOpen_end__Fv	r221_checkShutterOpen_end
.text	0x0000A23C	0x158	st2_3/r221.cpp	global	r221_checkShutterOpen__Fv	r221_checkShutterOpen
.text	0x0000A394	0x100	st2_3/r221.cpp	local	r221_checkShutter_end__Fv	r221_checkShutter_end
.text	0x0000A494	0x17C	st2_3/r221.cpp	local	r221_checkShutter__Fv	r221_checkShutter
.text	0x0000A610	0x208	st2_3/r221.cpp	global	r221_moveShutter__Fii	r221_moveShutter
.text	0x0000A818	0x13C	st2_3/r221.cpp	global	r221_initShutter__Fv	r221_initShutter
.text	0x0000A954	0x6C	st2_3/r221.cpp	local	r221_checkDoor229__Fv	r221_checkDoor229
.text	0x0000A9C0	0x190	st2_3/r221.cpp	local	r221_breakDoor229__Fv	r221_breakDoor229
.text	0x0000AB50	0x190	st2_3/r221.cpp	global	r221_moveElevatoDoor__Fii	r221_moveElevatoDoor
.text	0x0000ACE0	0x154	st2_3/r221.cpp	local	r221_moveWire__Fi	r221_moveWire
.text	0x0000AE34	0x498	st2_3/r221.cpp	local	r221_moveElevator__Fi	r221_moveElevator
.text	0x0000B2CC	0x1F0	st2_3/r221.cpp	global	r221_setElevatorEff__Fi	r221_setElevatorEff
.text	0x0000B4BC	0x1A8	st2_3/r221.cpp	local	r221_checkElevatorArrive_end__Fv	r221_checkElevatorArrive_end
.text	0x0000B664	0x3C0	st2_3/r221.cpp	local	r221_checkElevatorArrive__Fv	r221_checkElevatorArrive
.text	0x0000BA24	0xD8	st2_3/r221.cpp	local	r221_operateElevator__Fv	r221_operateElevator
.text	0x0000BAFC	0xC4	st2_3/r221.cpp	local	r221_playBossBgm__Fv	r221_playBossBgm
.text	0x0000BBC0	0x278	st2_3/r221.cpp	local	r221_checkBossAppear_end__Fv	r221_checkBossAppear_end
.text	0x0000BE38	0x22C	st2_3/r221.cpp	local	r221_checkBossAppear__Fv	r221_checkBossAppear
.text	0x0000C064	0x7C	st2_3/r221.cpp	global	r221_initSwitchboardLever__Fv	r221_initSwitchboardLever
.text	0x0000C0E0	0x94	st2_3/r221.cpp	global	r221_moveSwitchboardLever__Fi	r221_moveSwitchboardLever
.text	0x0000C174	0x1AC	st2_3/r221.cpp	local	r221_checkSwitchboard_end__Fv	r221_checkSwitchboard_end
.text	0x0000C320	0x304	st2_3/r221.cpp	local	r221_checkSwitchboard__Fv	r221_checkSwitchboard
.text	0x0000C624	0x130	st2_3/r221.cpp	local	r221_appearBosstail__Fv	r221_appearBosstail
.text	0x0000C754	0x168	st2_3/r221.cpp	local	r221_checkElevator__Fv	r221_checkElevator
.text	0x0000C8BC	0x60	st2_3/r221.cpp	local	r221_appearBosstail1_sub__Fv	r221_appearBosstail1_sub
.text	0x0000C91C	0x54C	st2_3/r221.cpp	global	r221_initInsectboss__Fv	r221_initInsectboss
.text	0x0000CE68	0xB4	st2_3/r221.cpp	global	r201_setBonbe__Fif	r201_setBonbe
.text	0x0000CF1C	0x354	st2_3/r221.cpp	global	r201_initBonbe__Fv	r201_initBonbe
.text	0x0000D270	0x98	st2_3/r221.cpp	local	r221_callBonbeSe__Fi	r221_callBonbeSe
.text	0x0000D308	0x64	st2_3/r221.cpp	local	r221_callFootSe__Fv	r221_callFootSe
.text	0x0000D36C	0x9C	st2_3/r221.cpp	local	r221_fadeoutBonbe__FP4cObj	r221_fadeoutBonbe
.text	0x0000D408	0x740	st2_3/r221.cpp	local	r201_throwBonbe__Fi	r201_throwBonbe
.text	0x0000DB48	0x120	st2_3/r221.cpp	local	setTexRender__Fv	setTexRender
.text	0x0000DC68	0x3B8	st2_3/r221.cpp	global	fn_st2_3_DC68	.
.text	0x0000E020	0x81C	st2_3/r223.cpp	global	R223Init__Fv	R223Init
.text	0x0000E83C	0x4	st2_3/r223.cpp	global	R223Main__Fv	R223Main
.text	0x0000E840	0x1B8	st2_3/r223.cpp	global	reva_common_move__FP4cObjiiff	reva_common_move
.text	0x0000E9F8	0x148	st2_3/r223.cpp	local	reva2_use_after_reva3_exit__Fv	reva2_use_after_reva3_exit
.text	0x0000EB40	0xD4	st2_3/r223.cpp	global	reva2_use_after_reva3__Fv	reva2_use_after_reva3
.text	0x0000EC14	0x2F0	st2_3/r223.cpp	local	toroko_go_and_stop_exit__Fv	toroko_go_and_stop_exit
.text	0x0000EF04	0x64	st2_3/r223.cpp	local	toroko_go_and_stop__Fv	toroko_go_and_stop
.text	0x0000EF68	0x17C	st2_3/r223.cpp	global	reva2_use_pre_reva3__Fv	reva2_use_pre_reva3
.text	0x0000F0E4	0x13C	st2_3/r223.cpp	local	reva2_move__Fv	reva2_move
.text	0x0000F220	0x220	st2_3/r223.cpp	local	reva3_move__Fv	reva3_move
.text	0x0000F440	0x1FC	st2_3/r223.cpp	global	toroko_move1__Fv	toroko_move1
.text	0x0000F63C	0x4	st2_3/r223.cpp	global	toroko_move2__Fv	toroko_move2
.text	0x0000F640	0x4	st2_3/r223.cpp	local	r223_GanadoEscapeCheck__Fv	r223_GanadoEscapeCheck
.text	0x0000F644	0xC4	st2_3/r223.cpp	global	isZouenGo__Fv	isZouenGo
.text	0x0000F708	0x48	st2_3/r223.cpp	global	isZouenGo2__Fv	isZouenGo2
.text	0x0000F750	0x58	st2_3/r223.cpp	global	setFlagStart__FP7cEmWrap	setFlagStart
.text	0x0000F7A8	0x88	st2_3/r223.cpp	global	execReset__FiPUs	execReset
.text	0x0000F830	0x19C	st2_3/r223.cpp	global	setChange__Fiiiii	setChange
.text	0x0000F9CC	0x5C	st2_3/r223.cpp	local	r223_EmApper_exit__Fv	r223_EmApper_exit
.text	0x0000FA28	0x114	st2_3/r223.cpp	local	r223_EmApper__Fv	r223_EmApper
.text	0x0000FB3C	0x5A4	st2_3/r223.cpp	local	r223_EmCheck__Fv	r223_EmCheck
.text	0x000100E0	0x3C8	st2_3/r223.cpp	global	dai_down_stop__Fv	dai_down_stop
.text	0x000104A8	0x288	st2_3/r223.cpp	global	dai_down_end__Fv	dai_down_end
.text	0x00010730	0x48	st2_3/r223.cpp	local	r223_ItemGet__Fv	r223_ItemGet
.text	0x00010778	0xDC	st2_3/r223.cpp	local	r223_ItemUse_exec__Fv	r223_ItemUse_exec
.text	0x00010854	0x54	st2_3/r223.cpp	local	r223_ItemUse__Fv	r223_ItemUse
.text	0x000108A8	0x1D4	st2_3/r223.cpp	local	r223_Bomb__Fv	r223_Bomb
.text	0x00010A7C	0x88	st2_3/r223.cpp	local	r223_StrCheck__Fv	r223_StrCheck
.text	0x00010B04	0x3B8	st2_3/r223.cpp	global	fn_st2_3_10B04	.
.text	0x00010EBC	0x454	st2_3/r224.cpp	global	R224Init__Fv	R224Init
.text	0x00011310	0xA8	st2_3/r224.cpp	global	R224Main__Fv	R224Main
.text	0x000113B8	0x94	st2_3/r224.cpp	local	r224_cam_task__Fv	r224_cam_task
.text	0x0001144C	0x1FC	st2_3/r224.cpp	local	r224_em_set_exit__Fv	r224_em_set_exit
.text	0x00011648	0x3A0	st2_3/r224.cpp	local	r224_em_set__Fv	r224_em_set
.text	0x000119E8	0x300	st2_3/r224.cpp	local	r224_toroko__Fv	r224_toroko
.text	0x00011CE8	0x1B4	st2_3/r224.cpp	local	reva_common_move__Fv	reva_common_move
.text	0x00011E9C	0x3AC	st2_3/r224.cpp	local	futa_move__Fv	futa_move
.text	0x00012248	0x190	st2_3/r224.cpp	global	gnd_open__Fv	gnd_open
.text	0x000123D8	0x1AC	st2_3/r224.cpp	global	gnd_close__Fv	gnd_close
.text	0x00012584	0x4E8	st2_3/r224.cpp	local	reva_move__Fv	reva_move
.text	0x00012A6C	0x8C	st2_3/r224.cpp	local	em_die_ck__Fv	em_die_ck
.text	0x00012AF8	0x1A4	st2_3/r224.cpp	global	door_open__Fi	door_open
.text	0x00012C9C	0x198	st2_3/r224.cpp	global	door_close__Fv	door_close
.text	0x00012E34	0x74	st2_3/r224.cpp	local	r224_door_mes__Fv	r224_door_mes
.text	0x00012EA8	0xE4	st2_3/r224.cpp	local	r224_str_check__Fv	r224_str_check
.text	0x00012F8C	0x3B8	st2_3/r224.cpp	global	fn_st2_3_12F8C	.
.text	0x00013344	0xBC	st2_3/r224.cpp	global	countActiveWork__t8cManager1Z4cObj	cManager<cObj>::countActiveWork
.text	0x00013400	0x158	st2_3/r224.cpp	global	create__t8cManager1Z4cObji	cManager<cObj>::create
.text	0x00013558	0x438	st2_3/r225.cpp	global	R225Init__Fv	R225Init
.text	0x00013990	0x4	st2_3/r225.cpp	global	R225Main__Fv	R225Main
.text	0x00013994	0x11C	st2_3/r225.cpp	local	gnd_open__Fv	gnd_open
.text	0x00013AB0	0x638	st2_3/r225.cpp	local	r225_operateCrank__Fv	r225_operateCrank
.text	0x000140E8	0x270	st2_3/r225.cpp	global	r225_open_door__Fv	r225_open_door
.text	0x00014358	0x68	st2_3/r225.cpp	local	r225_DoorMes_exec__Fv	r225_DoorMes_exec
.text	0x000143C0	0x54	st2_3/r225.cpp	local	r225_DoorMes__Fv	r225_DoorMes
.text	0x00014414	0x37C	st2_3/r225.cpp	local	r225_moveGrave__Fi	r225_moveGrave
.text	0x00014790	0x2C	st2_3/r225.cpp	local	r225_checkGrave__Fv	r225_checkGrave
.text	0x000147BC	0x40	st2_3/r225.cpp	local	first_cut_exit__Fv	first_cut_exit
.text	0x000147FC	0xC4	st2_3/r225.cpp	local	first_cut__Fv	first_cut
.text	0x000148C0	0x73C	st2_3/r225.cpp	global	SceElevator_r225	SceElevator_r225
.text	0x00014FFC	0x3B8	st2_3/r225.cpp	global	fn_st2_3_14FFC	.
.text	0x000153B4	0xB18	st2_3/r226.cpp	global	R226Init__Fv	R226Init
.text	0x00015ECC	0x23C	st2_3/r226.cpp	global	R226Main__Fv	R226Main
.text	0x00016108	0xC0	st2_3/r226.cpp	local	R226EmSetMain__Fv	R226EmSetMain
.text	0x000161C8	0x13C	st2_3/r226.cpp	local	R226EventRoboWatchMain__Fv	R226EventRoboWatchMain
.text	0x00016304	0x58	st2_3/r226.cpp	local	R226EventRoboWatchCancel__Fv	R226EventRoboWatchCancel
.text	0x0001635C	0x4C	st2_3/r226.cpp	global	R226EventRoboWatchEnd__Fv	R226EventRoboWatchEnd
.text	0x000163A8	0x4E0	st2_3/r226.cpp	local	R226EventRoboStartMain__Fv	R226EventRoboStartMain
.text	0x00016888	0xB8	st2_3/r226.cpp	local	R226EventRoboStartMainSub__Fi	R226EventRoboStartMainSub
.text	0x00016940	0x24C	st2_3/r226.cpp	local	R226EventRoboStartEnd__Fv	R226EventRoboStartEnd
.text	0x00016B8C	0x52C	st2_3/r226.cpp	local	R226EventPassageSwitchMain__Fi	R226EventPassageSwitchMain
.text	0x000170B8	0x42C	st2_3/r226.cpp	local	R226EventPassageSwitchEnd__Fi	R226EventPassageSwitchEnd
.text	0x000174E4	0x250	st2_3/r226.cpp	local	R226EventRoboWalkPassageStart__Fv	R226EventRoboWalkPassageStart
.text	0x00017734	0x204	st2_3/r226.cpp	local	R226EventRoboWalkPassageGoal__Fv	R226EventRoboWalkPassageGoal
.text	0x00017938	0x164	st2_3/r226.cpp	local	R226EventTowerLookMain__Fv	R226EventTowerLookMain
.text	0x00017A9C	0x48	st2_3/r226.cpp	local	R226EventTowerLookEnd__Fv	R226EventTowerLookEnd
.text	0x00017AE4	0x1D0	st2_3/r226.cpp	local	R226EventRoboWalkDoorDie__Fv	R226EventRoboWalkDoorDie
.text	0x00017CB4	0x394	st2_3/r226.cpp	local	R226EventRoboWalkBridgeStart__Fv	R226EventRoboWalkBridgeStart
.text	0x00018048	0xC4	st2_3/r226.cpp	local	R226ContinuePointSet__Fv	R226ContinuePointSet
.text	0x0001810C	0x1E4	st2_3/r226.cpp	global	ButtonCount__FPiN30iiiiPvPPv	ButtonCount
.text	0x000182F0	0x5C	st2_3/r226.cpp	global	R226CalcActiveEmWarp__Fv	R226CalcActiveEmWarp
.text	0x0001834C	0x9C	st2_3/r226.cpp	local	SceBgmCheck__Fv	SceBgmCheck
.text	0x000183E8	0x5C8	st2_3/r226.cpp	local	playerRunMovePassage__FP7cPlayer	playerRunMovePassage
.text	0x000189B0	0xA68	st2_3/r226.cpp	local	playerRunMoveBridge__FP7cPlayer	playerRunMoveBridge
.text	0x00019418	0x98	st2_3/r226.cpp	global	playerRunDieSet__FP3cEmi	playerRunDieSet
.text	0x000194B0	0xCC	st2_3/r226.cpp	local	playerRunDiePassage__FP7cPlayer	playerRunDiePassage
.text	0x0001957C	0x16C	st2_3/r226.cpp	local	playerRunDieBridge__FP7cPlayer	playerRunDieBridge
.text	0x000196E8	0x58	st2_3/r226.cpp	global	playerRunCamInitBridge__Fv	playerRunCamInitBridge
.text	0x00019740	0x110	st2_3/r226.cpp	global	playerRunCamMovePassage__FP7cPlayerf	playerRunCamMovePassage
.text	0x00019850	0x1AC	st2_3/r226.cpp	global	playerRunCamMoveBridge__FP7cPlayerf	playerRunCamMoveBridge
.text	0x000199FC	0xE4	st2_3/r226.cpp	global	playerRunCamDiePassage__FP7cPlayer	playerRunCamDiePassage
.text	0x00019AE0	0xC8	st2_3/r226.cpp	global	playerPillarDownCk__FP8cObjRoboiUlif	playerPillarDownCk
.text	0x00019BA8	0x3F0	st2_3/r226.cpp	local	playerPillarDownTask__Fi	playerPillarDownTask
.text	0x00019F98	0x3B8	st2_3/r226.cpp	global	fn_st2_3_19F98	.
.text	0x0001A350	0x344	st2_3/r227.cpp	global	R227Init__Fv	R227Init
.text	0x0001A694	0x4	st2_3/r227.cpp	global	R227Main__Fv	R227Main
.text	0x0001A698	0x64	st2_3/r227.cpp	global	r227_openShelf_main__Fii	r227_openShelf_main
.text	0x0001A6FC	0x24	st2_3/r227.cpp	local	r227_openShelf__Fi	r227_openShelf
.text	0x0001A720	0x24	st2_3/r227.cpp	local	r227_openedShelf__Fi	r227_openedShelf
.text	0x0001A744	0x80	st2_3/r227.cpp	global	r227_checkEmNumOnElv__Fv	r227_checkEmNumOnElv
.text	0x0001A7C4	0x1A0	st2_3/r227.cpp	local	r227_checkBox0Fall__Fv	r227_checkBox0Fall
.text	0x0001A964	0x1A0	st2_3/r227.cpp	local	r227_checkBox1Fall__Fv	r227_checkBox1Fall
.text	0x0001AB04	0x2C	st2_3/r227.cpp	global	r227_initEmFall__Fv	r227_initEmFall
.text	0x0001AB30	0xA0	st2_3/r227.cpp	global	r227_setEmFall__FP3cEm	r227_setEmFall
.text	0x0001ABD0	0xDC	st2_3/r227.cpp	local	r227_checkEmFall__Fv	r227_checkEmFall
.text	0x0001ACAC	0x60	st2_3/r227.cpp	global	r227_resetEmOnElv2__FP7cEmWrap	r227_resetEmOnElv2
.text	0x0001AD0C	0x2A4	st2_3/r227.cpp	local	r227_setEmOnElv2__Fv	r227_setEmOnElv2
.text	0x0001AFB0	0xD0	st2_3/r227.cpp	local	r227_setEmOnElv1__Fv	r227_setEmOnElv1
.text	0x0001B080	0xC0	st2_3/r227.cpp	global	r227_moveElv__Ff	r227_moveElv
.text	0x0001B140	0xC0	st2_3/r227.cpp	global	r227_checkElvMovePermit__Fv	r227_checkElvMovePermit
.text	0x0001B200	0x30C	st2_3/r227.cpp	local	r227_operateElv__Fv	r227_operateElv
.text	0x0001B50C	0x3B0	st2_3/r227.cpp	global	r227_initCargoElv__Fv	r227_initCargoElv
.text	0x0001B8BC	0x1EC	st2_3/r227.cpp	local	r227_setEm3_after__Fv	r227_setEm3_after
.text	0x0001BAA8	0x39C	st2_3/r227.cpp	local	r227_setEm3__Fv	r227_setEm3
.text	0x0001BE44	0x29C	st2_3/r227.cpp	local	r227_setEm2__Fv	r227_setEm2
.text	0x0001C0E0	0xD8	st2_3/r227.cpp	global	r227_setEm1__Fv	r227_setEm1
.text	0x0001C1B8	0x11C	st2_3/r227.cpp	global	r227_initGondola__Fv	r227_initGondola
.text	0x0001C2D4	0x24C	st2_3/r227.cpp	local	r227_execGondola__Fi	r227_execGondola
.text	0x0001C520	0x364	st2_3/r227.cpp	local	r227_execEvent00__Fv	r227_execEvent00
.text	0x0001C884	0x18	st2_3/r227.cpp	local	r227_succeedAction__Fv	r227_succeedAction
.text	0x0001C89C	0x390	st2_3/r227.cpp	local	Evt_R227S00_Func__FP5Event	Evt_R227S00_Func
.text	0x0001CC2C	0x2A4	st2_3/r227.cpp	local	Evt_R227S01_Func__FP5Event	Evt_R227S01_Func
.text	0x0001CED0	0xD8	st2_3/r227.cpp	local	Evt_R227S02_Func__FP5Event	Evt_R227S02_Func
.text	0x0001CFA8	0x3B8	st2_3/r227.cpp	global	fn_st2_3_1CFA8	.
.text	0x0001D360	0xF8	st2_3/r228.cpp	global	R228Init__Fv	R228Init
.text	0x0001D458	0x4	st2_3/r228.cpp	global	R228Main__Fv	R228Main
.text	0x0001D45C	0x11C	st2_3/r228.cpp	local	r228_execSalazarNeckDown__Fv	r228_execSalazarNeckDown
.text	0x0001D578	0x638	st2_3/r228.cpp	local	r228_checkSalazarBattle__Fv	r228_checkSalazarBattle
.text	0x0001DBB0	0x31C	st2_3/r228.cpp	local	r228_execEvent00__Fv	r228_execEvent00
.text	0x0001DECC	0x2E8	st2_3/r228.cpp	global	r228_initEvent00__Fv	r228_initEvent00
.text	0x0001E1B4	0x37C	st2_3/r228.cpp	global	Evt_R228S00_Func	Evt_R228S00_Func
.text	0x0001E530	0x21C	st2_3/r228.cpp	global	Evt_R228S01_Func	Evt_R228S01_Func
.text	0x0001E74C	0x328	st2_3/r228.cpp	global	Evt_R228S02_Func	Evt_R228S02_Func
.text	0x0001EA74	0x1D4	st2_3/r228.cpp	global	setTexRender_1EA74	setTexRender
.text	0x0001EC48	0x3B8	st2_3/r228.cpp	global	fn_st2_3_1EC48	.
.text	0x0001F000	0x108	st2_3/r229.cpp	global	R229Init__Fv	R229Init
.text	0x0001F108	0x4	st2_3/r229.cpp	global	R229Main__Fv	R229Main
.text	0x0001F10C	0x60	st2_3/r229.cpp	local	r229_openTerm__Fv	r229_openTerm
.text	0x0001F16C	0xC8	st2_3/r229.cpp	local	r221_execEmCamera1_end__Fv	r221_execEmCamera1_end
.text	0x0001F234	0x1E4	st2_3/r229.cpp	local	r221_execEmCamera1__Fv	r221_execEmCamera1
.text	0x0001F418	0x2D0	st2_3/r229.cpp	global	setTexRender__Fv	setTexRender
.text	0x0001F6E8	0x3B8	st2_3/r229.cpp	global	fn_st2_3_1F6E8	.
.text	0x0001FAA0	0x1C0	st2_3/r22a.cpp	global	R22aInit__Fv	R22aInit
.text	0x0001FC60	0x4	st2_3/r22a.cpp	global	R22aMain__Fv	R22aMain
.text	0x0001FC64	0x684	st2_3/r22a.cpp	local	r22a_RopeMove__Fi	r22a_RopeMove
.text	0x000202E8	0xC8	st2_3/r22a.cpp	global	R22A_Event	R22A_Event
.text	0x000203B0	0xB8	st2_3/r22a.cpp	global	Evt_R22AS00_Func	Evt_R22AS00_Func
.text	0x00020468	0x314	st2_3/r22a.cpp	local	r22a_EleDown__Fv	r22a_EleDown
.text	0x0002077C	0x314	st2_3/r22a.cpp	local	r22a_EleUp__Fv	r22a_EleUp
.text	0x00020A90	0xC8	st2_3/r22b.cpp	global	R22bInit__Fv	R22bInit
.text	0x00020B58	0x4	st2_3/r22b.cpp	global	R22bMain__Fv	R22bMain
.text	0x00020B5C	0xB0	st2_3/r22b.cpp	global	R22bEventS00	R22bEventS00
.text	0x00020C0C	0x294	st2_3/r22b.cpp	global	Evt_R22bS00_Func	Evt_R22bS00_Func
.text	0x00020EA0	0x20	st2_3/st2.cpp	global	set__FiPFv_vT1	set
.text	0x00020EC0	0x40C	st2_3/st2.cpp	global	setTbl__Fv	setTbl
.text	0x000212CC	0x64	st2_3/st2.cpp	global	_prolog	_prolog
.text	0x00021330	0x60	st2_3/st2.cpp	global	_epilog	_epilog
.text	0x00021390	0x58	st2_3/st2.cpp	global	_unresolved	_unresolved
.rodata	0x00000000	0x24	st2_3/em_wrap.cpp	global	lbl_st2_3_rodata_0	lbl_st2_3_rodata_0
.rodata	0x00000024	0x34	st2_3/em_wrap.cpp	local	lbl_st2_3_rodata_24	lbl_st2_3_rodata_24
.rodata	0x00000058	0x24	st2_3/em_wrap.cpp	local	lbl_st2_3_rodata_58	lbl_st2_3_rodata_58
.rodata	0x0000007C	0x28	st2_3/em_wrap.cpp	local	lbl_st2_3_rodata_7C	lbl_st2_3_rodata_7C
.rodata	0x000000A4	0x24	st2_3/em_wrap.cpp	local	lbl_st2_3_rodata_A4	lbl_st2_3_rodata_A4
.rodata	0x000000C8	0x28	st2_3/em_wrap.cpp	local	lbl_st2_3_rodata_C8	lbl_st2_3_rodata_C8
.rodata	0x000000F0	0x114	st2_3/em_wrap.cpp	local	lbl_st2_3_rodata_F0	lbl_st2_3_rodata_F0
.rodata	0x00000204	0xA4	st2_3/em_wrap.cpp	local	lbl_st2_3_rodata_204	lbl_st2_3_rodata_204
.rodata	0x000002A8	0x24	st2_3/em_wrap.cpp	local	lbl_st2_3_rodata_2A8	lbl_st2_3_rodata_2A8
.rodata	0x000002CC	0x74	st2_3/em_wrap.cpp	local	lbl_st2_3_rodata_2CC	lbl_st2_3_rodata_2CC
.rodata	0x00000340	0x80	st2_3/em_wrap.cpp	local	lbl_st2_3_rodata_340	lbl_st2_3_rodata_340
.rodata	0x000003C0	0x2C	st2_3/em_wrap.cpp	local	lbl_st2_3_rodata_3C0	lbl_st2_3_rodata_3C0
.rodata	0x000003EC	0x6C	st2_3/em_wrap.cpp	local	lbl_st2_3_rodata_3EC	lbl_st2_3_rodata_3EC
.rodata	0x00000458	0x28	st2_3/em_wrap.cpp	local	lbl_st2_3_rodata_458	lbl_st2_3_rodata_458
.rodata	0x00000480	0x24	st2_3/em_wrap.cpp	local	lbl_st2_3_rodata_480	lbl_st2_3_rodata_480
.rodata	0x000004A4	0x30	st2_3/em_wrap.cpp	local	lbl_st2_3_rodata_4A4	lbl_st2_3_rodata_4A4
.rodata	0x000004D4	0x28	st2_3/em_wrap.cpp	local	lbl_st2_3_rodata_4D4	lbl_st2_3_rodata_4D4
.rodata	0x000004FC	0x280	st2_3/em_wrap.cpp	local	lbl_st2_3_rodata_4FC	lbl_st2_3_rodata_4FC
.rodata	0x0000077C	0x28	st2_3/em_wrap.cpp	local	lbl_st2_3_rodata_77C	lbl_st2_3_rodata_77C
.rodata	0x000007A4	0x28	st2_3/em_wrap.cpp	local	lbl_st2_3_rodata_7A4	lbl_st2_3_rodata_7A4
.rodata	0x000007CC	0x28	st2_3/em_wrap.cpp	local	lbl_st2_3_rodata_7CC	lbl_st2_3_rodata_7CC
.rodata	0x000007F4	0x28	st2_3/em_wrap.cpp	local	lbl_st2_3_rodata_7F4	lbl_st2_3_rodata_7F4
.rodata	0x0000081C	0x30	st2_3/em_wrap.cpp	local	lbl_st2_3_rodata_81C	lbl_st2_3_rodata_81C
.rodata	0x0000084C	0x30	st2_3/em_wrap.cpp	local	lbl_st2_3_rodata_84C	lbl_st2_3_rodata_84C
.rodata	0x0000087C	0x2C	st2_3/em_wrap.cpp	local	lbl_st2_3_rodata_87C	lbl_st2_3_rodata_87C
.rodata	0x000008A8	0x28	st2_3/em_wrap.cpp	local	lbl_st2_3_rodata_8A8	lbl_st2_3_rodata_8A8
.rodata	0x000008D0	0x2C	st2_3/em_wrap.cpp	local	lbl_st2_3_rodata_8D0	lbl_st2_3_rodata_8D0
.rodata	0x000008FC	0x28	st2_3/em_wrap.cpp	local	lbl_st2_3_rodata_8FC	lbl_st2_3_rodata_8FC
.rodata	0x00000924	0x2C	st2_3/em_wrap.cpp	local	lbl_st2_3_rodata_924	lbl_st2_3_rodata_924
.rodata	0x00000950	0x190	st2_3/em_wrap.cpp	local	lbl_st2_3_rodata_950	lbl_st2_3_rodata_950
.rodata	0x00000AE0	0x4	st2_3/em_wrap.cpp	local	lbl_st2_3_rodata_AE0	lbl_st2_3_rodata_AE0
.rodata	0x00000AE4	0x4	st2_3/em_wrap.cpp	local	lbl_st2_3_rodata_AE4	lbl_st2_3_rodata_AE4
.rodata	0x00000AE8	0x18	st2_3/cSceObj.cpp	local	lbl_st2_3_rodata_AE8	lbl_st2_3_rodata_AE8
.rodata	0x00000B00	0x8	st2_3/cSceObj.cpp	local	lbl_st2_3_rodata_B00	lbl_st2_3_rodata_B00
.rodata	0x00000B08	0x8	st2_3/cSceObj.cpp	local	lbl_st2_3_rodata_B08	lbl_st2_3_rodata_B08
.rodata	0x00000B10	0x8	st2_3/cSceObj.cpp	local	lbl_st2_3_rodata_B10	lbl_st2_3_rodata_B10
.rodata	0x00000B18	0x8	st2_3/cSceObj.cpp	local	lbl_st2_3_rodata_B18	lbl_st2_3_rodata_B18
.rodata	0x00000B20	0x4	st2_3/cSceObj.cpp	local	lbl_st2_3_rodata_B20	lbl_st2_3_rodata_B20
.rodata	0x00000B24	0x4	st2_3/cSceObj.cpp	local	lbl_st2_3_rodata_B24	lbl_st2_3_rodata_B24
.rodata	0x00000B28	0x4	st2_3/cSceObj.cpp	local	lbl_st2_3_rodata_B28	lbl_st2_3_rodata_B28
.rodata	0x00000B2C	0x4	st2_3/cSceObj.cpp	local	lbl_st2_3_rodata_B2C	lbl_st2_3_rodata_B2C
.rodata	0x00000B30	0x4	st2_3/cSceObj.cpp	local	lbl_st2_3_rodata_B30	lbl_st2_3_rodata_B30
.rodata	0x00000B34	0x4	st2_3/cSceObj.cpp	local	lbl_st2_3_rodata_B34	lbl_st2_3_rodata_B34
.rodata	0x00000B38	0x4	st2_3/cSceObj.cpp	local	rate.144	rate.144
.rodata	0x00000B3C	0x4	st2_3/cSceObj.cpp	local	lbl_st2_3_rodata_B3C	lbl_st2_3_rodata_B3C
.rodata	0x00000B40	0x18	st2_3/cSceObj.cpp	local	lbl_st2_3_rodata_B40	lbl_st2_3_rodata_B40
.rodata	0x00000B58	0x1C	st2_3/cSceObj.cpp	local	lbl_st2_3_rodata_B58	lbl_st2_3_rodata_B58
.rodata	0x00000B74	0x4	st2_3/cSceObj.cpp	local	lbl_st2_3_rodata_B74	lbl_st2_3_rodata_B74
.rodata	0x00000B78	0x4	st2_3/cSceObj.cpp	local	lbl_st2_3_rodata_B78	lbl_st2_3_rodata_B78
.rodata	0x00000B7C	0x4	st2_3/cSceObj.cpp	local	lbl_st2_3_rodata_B7C	lbl_st2_3_rodata_B7C
.rodata	0x00000C2C	0x18	st2_3/r21a.cpp	local	lbl_st2_3_rodata_C2C	lbl_st2_3_rodata_C2C
.rodata	0x00000C44	0x4	st2_3/r21a.cpp	local	lbl_st2_3_rodata_C44	lbl_st2_3_rodata_C44
.rodata	0x00000C48	0x8	st2_3/r21a.cpp	local	lbl_st2_3_rodata_C48	lbl_st2_3_rodata_C48
.rodata	0x00000C50	0x4	st2_3/r21a.cpp	local	lbl_st2_3_rodata_C50	lbl_st2_3_rodata_C50
.rodata	0x00000C54	0x4	st2_3/r21a.cpp	local	lbl_st2_3_rodata_C54	lbl_st2_3_rodata_C54
.rodata	0x00000C58	0x8	st2_3/r21a.cpp	local	lbl_st2_3_rodata_C58	lbl_st2_3_rodata_C58
.rodata	0x00000C60	0x8	st2_3/r21a.cpp	local	lbl_st2_3_rodata_C60	lbl_st2_3_rodata_C60
.rodata	0x00000C68	0x4	st2_3/r21a.cpp	local	lbl_st2_3_rodata_C68	lbl_st2_3_rodata_C68
.rodata	0x00000C6C	0x4	st2_3/r21a.cpp	local	lbl_st2_3_rodata_C6C	lbl_st2_3_rodata_C6C
.rodata	0x00000C70	0x4	st2_3/r21a.cpp	local	lbl_st2_3_rodata_C70	lbl_st2_3_rodata_C70
.rodata	0x00000C74	0x4	st2_3/r21a.cpp	local	lbl_st2_3_rodata_C74	lbl_st2_3_rodata_C74
.rodata	0x00000C78	0x4	st2_3/r21a.cpp	local	lbl_st2_3_rodata_C78	lbl_st2_3_rodata_C78
.rodata	0x00000C7C	0x4	st2_3/r21a.cpp	local	lbl_st2_3_rodata_C7C	lbl_st2_3_rodata_C7C
.rodata	0x00000C80	0x4	st2_3/r21a.cpp	local	lbl_st2_3_rodata_C80	lbl_st2_3_rodata_C80
.rodata	0x00000C84	0x4	st2_3/r21a.cpp	local	lbl_st2_3_rodata_C84	lbl_st2_3_rodata_C84
.rodata	0x00000C88	0x4	st2_3/r21a.cpp	local	lbl_st2_3_rodata_C88	lbl_st2_3_rodata_C88
.rodata	0x00000C8C	0xC	st2_3/r21a.cpp	local	lbl_st2_3_rodata_C8C	lbl_st2_3_rodata_C8C
.rodata	0x00000C98	0x10	st2_3/r21a.cpp	local	lbl_st2_3_rodata_C98	lbl_st2_3_rodata_C98
.rodata	0x00000CA8	0x8	st2_3/r21a.cpp	local	lbl_st2_3_rodata_CA8	lbl_st2_3_rodata_CA8
.rodata	0x00000CB0	0x4	st2_3/r21a.cpp	local	lbl_st2_3_rodata_CB0	lbl_st2_3_rodata_CB0
.rodata	0x00000CB4	0x4	st2_3/r21a.cpp	local	lbl_st2_3_rodata_CB4	lbl_st2_3_rodata_CB4
.rodata	0x00000CB8	0x4	st2_3/r21a.cpp	local	lbl_st2_3_rodata_CB8	lbl_st2_3_rodata_CB8
.rodata	0x00000CBC	0x4	st2_3/r21a.cpp	local	lbl_st2_3_rodata_CBC	lbl_st2_3_rodata_CBC
.rodata	0x00000CC0	0x4	st2_3/r21a.cpp	local	lbl_st2_3_rodata_CC0	lbl_st2_3_rodata_CC0
.rodata	0x00000CC4	0x4	st2_3/r21a.cpp	local	lbl_st2_3_rodata_CC4	lbl_st2_3_rodata_CC4
.rodata	0x00000CC8	0x4	st2_3/r21a.cpp	local	lbl_st2_3_rodata_CC8	lbl_st2_3_rodata_CC8
.rodata	0x00000CCC	0x4	st2_3/r21a.cpp	local	lbl_st2_3_rodata_CCC	lbl_st2_3_rodata_CCC
.rodata	0x00000CD0	0x4	st2_3/r21a.cpp	local	lbl_st2_3_rodata_CD0	lbl_st2_3_rodata_CD0
.rodata	0x00000CD4	0x4	st2_3/r21a.cpp	local	lbl_st2_3_rodata_CD4	lbl_st2_3_rodata_CD4
.rodata	0x00000CD8	0x4	st2_3/r21a.cpp	local	lbl_st2_3_rodata_CD8	lbl_st2_3_rodata_CD8
.rodata	0x00000CDC	0x4	st2_3/r21a.cpp	local	lbl_st2_3_rodata_CDC	lbl_st2_3_rodata_CDC
.rodata	0x00000CE0	0x4	st2_3/r21a.cpp	local	lbl_st2_3_rodata_CE0	lbl_st2_3_rodata_CE0
.rodata	0x00000CE4	0x4	st2_3/r21a.cpp	local	lbl_st2_3_rodata_CE4	lbl_st2_3_rodata_CE4
.rodata	0x00000CE8	0x4	st2_3/r21a.cpp	local	lbl_st2_3_rodata_CE8	lbl_st2_3_rodata_CE8
.rodata	0x00000CEC	0x4	st2_3/r21a.cpp	local	lbl_st2_3_rodata_CEC	lbl_st2_3_rodata_CEC
.rodata	0x00000CF0	0x4	st2_3/r21a.cpp	local	lbl_st2_3_rodata_CF0	lbl_st2_3_rodata_CF0
.rodata	0x00000CF4	0x4	st2_3/r21a.cpp	local	lbl_st2_3_rodata_CF4	lbl_st2_3_rodata_CF4
.rodata	0x00000CF8	0x4	st2_3/r21a.cpp	local	lbl_st2_3_rodata_CF8	lbl_st2_3_rodata_CF8
.rodata	0x00000CFC	0x4	st2_3/r21a.cpp	local	lbl_st2_3_rodata_CFC	lbl_st2_3_rodata_CFC
.rodata	0x00000D00	0x4	st2_3/r21a.cpp	local	lbl_st2_3_rodata_D00	lbl_st2_3_rodata_D00
.rodata	0x00000D04	0x4	st2_3/r21a.cpp	local	lbl_st2_3_rodata_D04	lbl_st2_3_rodata_D04
.rodata	0x00000D08	0x8	st2_3/r21a.cpp	local	lbl_st2_3_rodata_D08	lbl_st2_3_rodata_D08
.rodata	0x00000D10	0x4	st2_3/r21a.cpp	local	lbl_st2_3_rodata_D10	lbl_st2_3_rodata_D10
.rodata	0x00000D14	0x4	st2_3/r21a.cpp	local	lbl_st2_3_rodata_D14	lbl_st2_3_rodata_D14
.rodata	0x00000D18	0x4	st2_3/r21a.cpp	local	lbl_st2_3_rodata_D18	lbl_st2_3_rodata_D18
.rodata	0x00000D1C	0x28	st2_3/r21a.cpp	local	lbl_st2_3_rodata_D1C	lbl_st2_3_rodata_D1C
.rodata	0x00000D44	0x28	st2_3/r21a.cpp	local	lbl_st2_3_rodata_D44	lbl_st2_3_rodata_D44
.rodata	0x00000D6C	0x38	st2_3/r21a.cpp	local	lbl_st2_3_rodata_D6C	lbl_st2_3_rodata_D6C
.rodata	0x00000DA4	0x44	st2_3/r21a.cpp	local	lbl_st2_3_rodata_DA4	lbl_st2_3_rodata_DA4
.rodata	0x00000E4C	0x18	st2_3/r21b.cpp	local	lbl_st2_3_rodata_E4C	lbl_st2_3_rodata_E4C
.rodata	0x00000E64	0x4	st2_3/r21b.cpp	local	lbl_st2_3_rodata_E64	lbl_st2_3_rodata_E64
.rodata	0x00000E68	0x8	st2_3/r21b.cpp	local	lbl_st2_3_rodata_E68	lbl_st2_3_rodata_E68
.rodata	0x00000E70	0x8	st2_3/r21b.cpp	local	lbl_st2_3_rodata_E70	lbl_st2_3_rodata_E70
.rodata	0x00000E78	0x54	st2_3/r21b.cpp	local	lbl_st2_3_rodata_E78	lbl_st2_3_rodata_E78
.rodata	0x00000ECC	0x4	st2_3/r21b.cpp	local	lbl_st2_3_rodata_ECC	lbl_st2_3_rodata_ECC
.rodata	0x00000ED0	0x4	st2_3/r21b.cpp	local	lbl_st2_3_rodata_ED0	lbl_st2_3_rodata_ED0
.rodata	0x00000ED4	0x4	st2_3/r21b.cpp	local	lbl_st2_3_rodata_ED4	lbl_st2_3_rodata_ED4
.rodata	0x00000ED8	0x4	st2_3/r21b.cpp	local	lbl_st2_3_rodata_ED8	lbl_st2_3_rodata_ED8
.rodata	0x00000EDC	0x4	st2_3/r21b.cpp	local	lbl_st2_3_rodata_EDC	lbl_st2_3_rodata_EDC
.rodata	0x00000EE0	0x4	st2_3/r21b.cpp	local	lbl_st2_3_rodata_EE0	lbl_st2_3_rodata_EE0
.rodata	0x00000EE4	0x4	st2_3/r21b.cpp	local	lbl_st2_3_rodata_EE4	lbl_st2_3_rodata_EE4
.rodata	0x00000EE8	0x4	st2_3/r21b.cpp	local	lbl_st2_3_rodata_EE8	lbl_st2_3_rodata_EE8
.rodata	0x00000EEC	0x4	st2_3/r21b.cpp	local	lbl_st2_3_rodata_EEC	lbl_st2_3_rodata_EEC
.rodata	0x00000EF0	0x4	st2_3/r21b.cpp	local	lbl_st2_3_rodata_EF0	lbl_st2_3_rodata_EF0
.rodata	0x00000EF4	0x4	st2_3/r21b.cpp	local	lbl_st2_3_rodata_EF4	lbl_st2_3_rodata_EF4
.rodata	0x00000EF8	0x4	st2_3/r21b.cpp	local	lbl_st2_3_rodata_EF8	lbl_st2_3_rodata_EF8
.rodata	0x00000EFC	0x4	st2_3/r21b.cpp	local	lbl_st2_3_rodata_EFC	lbl_st2_3_rodata_EFC
.rodata	0x00000F00	0x8	st2_3/r21b.cpp	local	lbl_st2_3_rodata_F00	lbl_st2_3_rodata_F00
.rodata	0x00000FB4	0x18	st2_3/r21d.cpp	local	lbl_st2_3_rodata_FB4	lbl_st2_3_rodata_FB4
.rodata	0x00000FCC	0x4	st2_3/r21d.cpp	local	lbl_st2_3_rodata_FCC	lbl_st2_3_rodata_FCC
.rodata	0x00000FD0	0x4	st2_3/r21d.cpp	local	lbl_st2_3_rodata_FD0	lbl_st2_3_rodata_FD0
.rodata	0x00000FD4	0x4	st2_3/r21d.cpp	local	lbl_st2_3_rodata_FD4	lbl_st2_3_rodata_FD4
.rodata	0x00000FD8	0x4	st2_3/r21d.cpp	local	lbl_st2_3_rodata_FD8	lbl_st2_3_rodata_FD8
.rodata	0x00000FDC	0x4	st2_3/r21d.cpp	local	lbl_st2_3_rodata_FDC	lbl_st2_3_rodata_FDC
.rodata	0x00000FE0	0x4	st2_3/r21d.cpp	local	lbl_st2_3_rodata_FE0	lbl_st2_3_rodata_FE0
.rodata	0x00000FE4	0x4	st2_3/r21d.cpp	local	lbl_st2_3_rodata_FE4	lbl_st2_3_rodata_FE4
.rodata	0x00000FE8	0x4	st2_3/r21d.cpp	local	lbl_st2_3_rodata_FE8	lbl_st2_3_rodata_FE8
.rodata	0x00000FEC	0x4	st2_3/r21d.cpp	local	lbl_st2_3_rodata_FEC	lbl_st2_3_rodata_FEC
.rodata	0x00000FF0	0x4	st2_3/r21d.cpp	local	lbl_st2_3_rodata_FF0	lbl_st2_3_rodata_FF0
.rodata	0x00000FF4	0x4	st2_3/r21d.cpp	local	lbl_st2_3_rodata_FF4	lbl_st2_3_rodata_FF4
.rodata	0x00000FF8	0x4	st2_3/r21d.cpp	local	lbl_st2_3_rodata_FF8	lbl_st2_3_rodata_FF8
.rodata	0x00000FFC	0x4	st2_3/r21d.cpp	local	lbl_st2_3_rodata_FFC	lbl_st2_3_rodata_FFC
.rodata	0x00001000	0x4	st2_3/r21d.cpp	local	lbl_st2_3_rodata_1000	lbl_st2_3_rodata_1000
.rodata	0x00001004	0x4	st2_3/r21d.cpp	local	lbl_st2_3_rodata_1004	lbl_st2_3_rodata_1004
.rodata	0x00001008	0x4	st2_3/r21d.cpp	local	lbl_st2_3_rodata_1008	lbl_st2_3_rodata_1008
.rodata	0x0000100C	0x4	st2_3/r21d.cpp	local	lbl_st2_3_rodata_100C	lbl_st2_3_rodata_100C
.rodata	0x00001010	0x4	st2_3/r21d.cpp	local	lbl_st2_3_rodata_1010	lbl_st2_3_rodata_1010
.rodata	0x00001014	0x4	st2_3/r21d.cpp	local	lbl_st2_3_rodata_1014	lbl_st2_3_rodata_1014
.rodata	0x00001018	0x4	st2_3/r21d.cpp	local	lbl_st2_3_rodata_1018	lbl_st2_3_rodata_1018
.rodata	0x0000101C	0x4	st2_3/r21d.cpp	local	lbl_st2_3_rodata_101C	lbl_st2_3_rodata_101C
.rodata	0x00001020	0x4	st2_3/r21d.cpp	local	lbl_st2_3_rodata_1020	lbl_st2_3_rodata_1020
.rodata	0x00001024	0x4	st2_3/r21d.cpp	local	lbl_st2_3_rodata_1024	lbl_st2_3_rodata_1024
.rodata	0x00001028	0x4	st2_3/r21d.cpp	local	lbl_st2_3_rodata_1028	lbl_st2_3_rodata_1028
.rodata	0x0000102C	0x4	st2_3/r21d.cpp	local	lbl_st2_3_rodata_102C	lbl_st2_3_rodata_102C
.rodata	0x00001030	0x4	st2_3/r21d.cpp	local	lbl_st2_3_rodata_1030	lbl_st2_3_rodata_1030
.rodata	0x00001034	0x4	st2_3/r21d.cpp	local	lbl_st2_3_rodata_1034	lbl_st2_3_rodata_1034
.rodata	0x00001038	0x4	st2_3/r21d.cpp	local	lbl_st2_3_rodata_1038	lbl_st2_3_rodata_1038
.rodata	0x0000103C	0x4	st2_3/r21d.cpp	local	lbl_st2_3_rodata_103C	lbl_st2_3_rodata_103C
.rodata	0x00001040	0x4	st2_3/r21d.cpp	local	lbl_st2_3_rodata_1040	lbl_st2_3_rodata_1040
.rodata	0x00001044	0x4	st2_3/r21d.cpp	local	lbl_st2_3_rodata_1044	lbl_st2_3_rodata_1044
.rodata	0x00001048	0x4	st2_3/r21d.cpp	local	lbl_st2_3_rodata_1048	lbl_st2_3_rodata_1048
.rodata	0x0000104C	0xC	st2_3/r21d.cpp	local	lbl_st2_3_rodata_104C	lbl_st2_3_rodata_104C
.rodata	0x00001058	0x4	st2_3/r21d.cpp	local	lbl_st2_3_rodata_1058	lbl_st2_3_rodata_1058
.rodata	0x0000105C	0x4	st2_3/r21d.cpp	local	lbl_st2_3_rodata_105C	lbl_st2_3_rodata_105C
.rodata	0x00001060	0xC	st2_3/r21d.cpp	local	lbl_st2_3_rodata_1060	lbl_st2_3_rodata_1060
.rodata	0x0000106C	0x4	st2_3/r21d.cpp	local	lbl_st2_3_rodata_106C	lbl_st2_3_rodata_106C
.rodata	0x00001070	0x4	st2_3/r21d.cpp	local	lbl_st2_3_rodata_1070	lbl_st2_3_rodata_1070
.rodata	0x00001074	0x4	st2_3/r21d.cpp	local	lbl_st2_3_rodata_1074	lbl_st2_3_rodata_1074
.rodata	0x00001078	0x4	st2_3/r21d.cpp	local	lbl_st2_3_rodata_1078	lbl_st2_3_rodata_1078
.rodata	0x0000107C	0x4	st2_3/r21d.cpp	local	lbl_st2_3_rodata_107C	lbl_st2_3_rodata_107C
.rodata	0x00001080	0xC	st2_3/r21d.cpp	local	lbl_st2_3_rodata_1080	lbl_st2_3_rodata_1080
.rodata	0x0000108C	0x4	st2_3/r21d.cpp	local	lbl_st2_3_rodata_108C	lbl_st2_3_rodata_108C
.rodata	0x00001090	0x4	st2_3/r21d.cpp	local	lbl_st2_3_rodata_1090	lbl_st2_3_rodata_1090
.rodata	0x00001094	0x4	st2_3/r21d.cpp	local	lbl_st2_3_rodata_1094	lbl_st2_3_rodata_1094
.rodata	0x00001098	0x4	st2_3/r21d.cpp	local	lbl_st2_3_rodata_1098	lbl_st2_3_rodata_1098
.rodata	0x0000109C	0x4	st2_3/r21d.cpp	local	lbl_st2_3_rodata_109C	lbl_st2_3_rodata_109C
.rodata	0x000010A0	0xC	st2_3/r21d.cpp	local	lbl_st2_3_rodata_10A0	lbl_st2_3_rodata_10A0
.rodata	0x000010AC	0x4	st2_3/r21d.cpp	local	lbl_st2_3_rodata_10AC	lbl_st2_3_rodata_10AC
.rodata	0x000010B0	0x4	st2_3/r21d.cpp	local	lbl_st2_3_rodata_10B0	lbl_st2_3_rodata_10B0
.rodata	0x000010B4	0x4	st2_3/r21d.cpp	local	lbl_st2_3_rodata_10B4	lbl_st2_3_rodata_10B4
.rodata	0x000010B8	0x28	st2_3/r21d.cpp	local	lbl_st2_3_rodata_10B8	lbl_st2_3_rodata_10B8
.rodata	0x000010E0	0x28	st2_3/r21d.cpp	local	lbl_st2_3_rodata_10E0	lbl_st2_3_rodata_10E0
.rodata	0x00001108	0x28	st2_3/r21d.cpp	local	lbl_st2_3_rodata_1108	lbl_st2_3_rodata_1108
.rodata	0x00001130	0x38	st2_3/r21d.cpp	local	lbl_st2_3_rodata_1130	lbl_st2_3_rodata_1130
.rodata	0x00001168	0x28	st2_3/r21d.cpp	local	lbl_st2_3_rodata_1168	lbl_st2_3_rodata_1168
.rodata	0x00001190	0x1C	st2_3/r21d.cpp	local	lbl_st2_3_rodata_1190	lbl_st2_3_rodata_1190
.rodata	0x00001210	0x18	st2_3/r220.cpp	local	lbl_st2_3_rodata_1210	lbl_st2_3_rodata_1210
.rodata	0x00001228	0x4	st2_3/r220.cpp	local	lbl_st2_3_rodata_1228	lbl_st2_3_rodata_1228
.rodata	0x0000122C	0x4	st2_3/r220.cpp	local	lbl_st2_3_rodata_122C	lbl_st2_3_rodata_122C
.rodata	0x00001230	0x4	st2_3/r220.cpp	local	lbl_st2_3_rodata_1230	lbl_st2_3_rodata_1230
.rodata	0x00001234	0x4	st2_3/r220.cpp	local	lbl_st2_3_rodata_1234	lbl_st2_3_rodata_1234
.rodata	0x00001238	0x4	st2_3/r220.cpp	local	lbl_st2_3_rodata_1238	lbl_st2_3_rodata_1238
.rodata	0x0000123C	0x4	st2_3/r220.cpp	local	lbl_st2_3_rodata_123C	lbl_st2_3_rodata_123C
.rodata	0x00001240	0x4	st2_3/r220.cpp	local	lbl_st2_3_rodata_1240	lbl_st2_3_rodata_1240
.rodata	0x00001244	0x4	st2_3/r220.cpp	local	lbl_st2_3_rodata_1244	lbl_st2_3_rodata_1244
.rodata	0x00001248	0xC	st2_3/r220.cpp	local	lbl_st2_3_rodata_1248	lbl_st2_3_rodata_1248
.rodata	0x00001254	0x4	st2_3/r220.cpp	local	lbl_st2_3_rodata_1254	lbl_st2_3_rodata_1254
.rodata	0x00001258	0x4	st2_3/r220.cpp	local	lbl_st2_3_rodata_1258	lbl_st2_3_rodata_1258
.rodata	0x0000125C	0x4	st2_3/r220.cpp	local	lbl_st2_3_rodata_125C	lbl_st2_3_rodata_125C
.rodata	0x00001260	0x4	st2_3/r220.cpp	local	lbl_st2_3_rodata_1260	lbl_st2_3_rodata_1260
.rodata	0x0000132C	0x18	st2_3/r221.cpp	local	lbl_st2_3_rodata_132C	lbl_st2_3_rodata_132C
.rodata	0x00001344	0x8	st2_3/r221.cpp	local	lbl_st2_3_rodata_1344	lbl_st2_3_rodata_1344
.rodata	0x0000134C	0x4	st2_3/r221.cpp	local	lbl_st2_3_rodata_134C	lbl_st2_3_rodata_134C
.rodata	0x00001350	0x4	st2_3/r221.cpp	local	lbl_st2_3_rodata_1350	lbl_st2_3_rodata_1350
.rodata	0x00001354	0x4	st2_3/r221.cpp	local	lbl_st2_3_rodata_1354	lbl_st2_3_rodata_1354
.rodata	0x00001358	0x4	st2_3/r221.cpp	local	lbl_st2_3_rodata_1358	lbl_st2_3_rodata_1358
.rodata	0x0000135C	0x14	st2_3/r221.cpp	local	lbl_st2_3_rodata_135C	lbl_st2_3_rodata_135C
.rodata	0x00001370	0xC	st2_3/r221.cpp	local	lbl_st2_3_rodata_1370	lbl_st2_3_rodata_1370
.rodata	0x0000137C	0x4	st2_3/r221.cpp	local	lbl_st2_3_rodata_137C	lbl_st2_3_rodata_137C
.rodata	0x00001380	0x4	st2_3/r221.cpp	local	lbl_st2_3_rodata_1380	lbl_st2_3_rodata_1380
.rodata	0x00001384	0x4	st2_3/r221.cpp	local	lbl_st2_3_rodata_1384	lbl_st2_3_rodata_1384
.rodata	0x00001388	0x4	st2_3/r221.cpp	local	lbl_st2_3_rodata_1388	lbl_st2_3_rodata_1388
.rodata	0x0000138C	0xC	st2_3/r221.cpp	local	lbl_st2_3_rodata_138C	lbl_st2_3_rodata_138C
.rodata	0x00001398	0x4	st2_3/r221.cpp	local	lbl_st2_3_rodata_1398	lbl_st2_3_rodata_1398
.rodata	0x0000139C	0x4	st2_3/r221.cpp	local	lbl_st2_3_rodata_139C	lbl_st2_3_rodata_139C
.rodata	0x000013A0	0x4	st2_3/r221.cpp	local	lbl_st2_3_rodata_13A0	lbl_st2_3_rodata_13A0
.rodata	0x000013A4	0x4	st2_3/r221.cpp	local	lbl_st2_3_rodata_13A4	lbl_st2_3_rodata_13A4
.rodata	0x000013A8	0x4	st2_3/r221.cpp	local	lbl_st2_3_rodata_13A8	lbl_st2_3_rodata_13A8
.rodata	0x000013AC	0x8	st2_3/r221.cpp	local	lbl_st2_3_rodata_13AC	lbl_st2_3_rodata_13AC
.rodata	0x000013B4	0x4	st2_3/r221.cpp	local	lbl_st2_3_rodata_13B4	lbl_st2_3_rodata_13B4
.rodata	0x000013B8	0x8	st2_3/r221.cpp	local	lbl_st2_3_rodata_13B8	lbl_st2_3_rodata_13B8
.rodata	0x000013C0	0xC	st2_3/r221.cpp	local	lbl_st2_3_rodata_13C0	lbl_st2_3_rodata_13C0
.rodata	0x000013CC	0x4	st2_3/r221.cpp	local	lbl_st2_3_rodata_13CC	lbl_st2_3_rodata_13CC
.rodata	0x000013D0	0x4	st2_3/r221.cpp	local	lbl_st2_3_rodata_13D0	lbl_st2_3_rodata_13D0
.rodata	0x000013D4	0x4	st2_3/r221.cpp	local	lbl_st2_3_rodata_13D4	lbl_st2_3_rodata_13D4
.rodata	0x000013D8	0x4	st2_3/r221.cpp	local	lbl_st2_3_rodata_13D8	lbl_st2_3_rodata_13D8
.rodata	0x000013DC	0x4	st2_3/r221.cpp	local	lbl_st2_3_rodata_13DC	lbl_st2_3_rodata_13DC
.rodata	0x000013E0	0x4	st2_3/r221.cpp	local	lbl_st2_3_rodata_13E0	lbl_st2_3_rodata_13E0
.rodata	0x000013E4	0x4	st2_3/r221.cpp	local	lbl_st2_3_rodata_13E4	lbl_st2_3_rodata_13E4
.rodata	0x000013E8	0x4	st2_3/r221.cpp	local	lbl_st2_3_rodata_13E8	lbl_st2_3_rodata_13E8
.rodata	0x000013EC	0x4	st2_3/r221.cpp	local	lbl_st2_3_rodata_13EC	lbl_st2_3_rodata_13EC
.rodata	0x000013F0	0x4	st2_3/r221.cpp	local	lbl_st2_3_rodata_13F0	lbl_st2_3_rodata_13F0
.rodata	0x000013F4	0x4	st2_3/r221.cpp	local	lbl_st2_3_rodata_13F4	lbl_st2_3_rodata_13F4
.rodata	0x000013F8	0x4	st2_3/r221.cpp	local	lbl_st2_3_rodata_13F8	lbl_st2_3_rodata_13F8
.rodata	0x000013FC	0x4	st2_3/r221.cpp	local	lbl_st2_3_rodata_13FC	lbl_st2_3_rodata_13FC
.rodata	0x00001400	0x8	st2_3/r221.cpp	local	lbl_st2_3_rodata_1400	lbl_st2_3_rodata_1400
.rodata	0x00001408	0x8	st2_3/r221.cpp	local	lbl_st2_3_rodata_1408	lbl_st2_3_rodata_1408
.rodata	0x00001410	0x4	st2_3/r221.cpp	local	lbl_st2_3_rodata_1410	lbl_st2_3_rodata_1410
.rodata	0x00001414	0x4	st2_3/r221.cpp	local	lbl_st2_3_rodata_1414	lbl_st2_3_rodata_1414
.rodata	0x00001418	0x4	st2_3/r221.cpp	local	lbl_st2_3_rodata_1418	lbl_st2_3_rodata_1418
.rodata	0x0000141C	0x4	st2_3/r221.cpp	local	lbl_st2_3_rodata_141C	lbl_st2_3_rodata_141C
.rodata	0x00001420	0x4	st2_3/r221.cpp	local	lbl_st2_3_rodata_1420	lbl_st2_3_rodata_1420
.rodata	0x00001424	0x4	st2_3/r221.cpp	local	lbl_st2_3_rodata_1424	lbl_st2_3_rodata_1424
.rodata	0x00001428	0x4	st2_3/r221.cpp	local	lbl_st2_3_rodata_1428	lbl_st2_3_rodata_1428
.rodata	0x0000142C	0x28	st2_3/r221.cpp	local	lbl_st2_3_rodata_142C	lbl_st2_3_rodata_142C
.rodata	0x00001454	0x28	st2_3/r221.cpp	local	lbl_st2_3_rodata_1454	lbl_st2_3_rodata_1454
.rodata	0x0000147C	0x28	st2_3/r221.cpp	local	lbl_st2_3_rodata_147C	lbl_st2_3_rodata_147C
.rodata	0x000014A4	0x38	st2_3/r221.cpp	local	lbl_st2_3_rodata_14A4	lbl_st2_3_rodata_14A4
.rodata	0x000014DC	0x28	st2_3/r221.cpp	local	lbl_st2_3_rodata_14DC	lbl_st2_3_rodata_14DC
.rodata	0x00001504	0x1C	st2_3/r221.cpp	local	lbl_st2_3_rodata_1504	lbl_st2_3_rodata_1504
.rodata	0x000015A4	0x10	st2_3/r223.cpp	local	lbl_st2_3_rodata_15A4	lbl_st2_3_rodata_15A4
.rodata	0x000015B4	0x18	st2_3/r223.cpp	local	lbl_st2_3_rodata_15B4	lbl_st2_3_rodata_15B4
.rodata	0x000015CC	0x18	st2_3/r223.cpp	local	lbl_st2_3_rodata_15CC	lbl_st2_3_rodata_15CC
.rodata	0x000015E4	0x4	st2_3/r223.cpp	local	lbl_st2_3_rodata_15E4	lbl_st2_3_rodata_15E4
.rodata	0x000015E8	0x4	st2_3/r223.cpp	local	lbl_st2_3_rodata_15E8	lbl_st2_3_rodata_15E8
.rodata	0x000015EC	0x4	st2_3/r223.cpp	local	lbl_st2_3_rodata_15EC	lbl_st2_3_rodata_15EC
.rodata	0x000015F0	0x4	st2_3/r223.cpp	local	lbl_st2_3_rodata_15F0	lbl_st2_3_rodata_15F0
.rodata	0x000015F4	0x4	st2_3/r223.cpp	local	lbl_st2_3_rodata_15F4	lbl_st2_3_rodata_15F4
.rodata	0x000015F8	0x4	st2_3/r223.cpp	local	lbl_st2_3_rodata_15F8	lbl_st2_3_rodata_15F8
.rodata	0x000015FC	0x4	st2_3/r223.cpp	local	lbl_st2_3_rodata_15FC	lbl_st2_3_rodata_15FC
.rodata	0x00001600	0x4	st2_3/r223.cpp	local	lbl_st2_3_rodata_1600	lbl_st2_3_rodata_1600
.rodata	0x00001604	0x4	st2_3/r223.cpp	local	lbl_st2_3_rodata_1604	lbl_st2_3_rodata_1604
.rodata	0x00001608	0x4	st2_3/r223.cpp	local	lbl_st2_3_rodata_1608	lbl_st2_3_rodata_1608
.rodata	0x0000160C	0x4	st2_3/r223.cpp	local	lbl_st2_3_rodata_160C	lbl_st2_3_rodata_160C
.rodata	0x00001610	0x4	st2_3/r223.cpp	local	lbl_st2_3_rodata_1610	lbl_st2_3_rodata_1610
.rodata	0x00001614	0x4	st2_3/r223.cpp	local	lbl_st2_3_rodata_1614	lbl_st2_3_rodata_1614
.rodata	0x00001618	0x4	st2_3/r223.cpp	local	lbl_st2_3_rodata_1618	lbl_st2_3_rodata_1618
.rodata	0x0000161C	0x4	st2_3/r223.cpp	local	lbl_st2_3_rodata_161C	lbl_st2_3_rodata_161C
.rodata	0x00001620	0x4	st2_3/r223.cpp	local	lbl_st2_3_rodata_1620	lbl_st2_3_rodata_1620
.rodata	0x00001624	0x4	st2_3/r223.cpp	local	lbl_st2_3_rodata_1624	lbl_st2_3_rodata_1624
.rodata	0x00001628	0x4	st2_3/r223.cpp	local	lbl_st2_3_rodata_1628	lbl_st2_3_rodata_1628
.rodata	0x0000162C	0x4	st2_3/r223.cpp	local	lbl_st2_3_rodata_162C	lbl_st2_3_rodata_162C
.rodata	0x00001630	0x4	st2_3/r223.cpp	local	lbl_st2_3_rodata_1630	lbl_st2_3_rodata_1630
.rodata	0x00001634	0x4	st2_3/r223.cpp	local	lbl_st2_3_rodata_1634	lbl_st2_3_rodata_1634
.rodata	0x00001638	0x4	st2_3/r223.cpp	local	lbl_st2_3_rodata_1638	lbl_st2_3_rodata_1638
.rodata	0x0000163C	0x4	st2_3/r223.cpp	local	lbl_st2_3_rodata_163C	lbl_st2_3_rodata_163C
.rodata	0x00001640	0x4	st2_3/r223.cpp	local	lbl_st2_3_rodata_1640	lbl_st2_3_rodata_1640
.rodata	0x00001644	0x4	st2_3/r223.cpp	local	lbl_st2_3_rodata_1644	lbl_st2_3_rodata_1644
.rodata	0x00001648	0x4	st2_3/r223.cpp	local	lbl_st2_3_rodata_1648	lbl_st2_3_rodata_1648
.rodata	0x0000164C	0x4	st2_3/r223.cpp	local	lbl_st2_3_rodata_164C	lbl_st2_3_rodata_164C
.rodata	0x00001650	0x4	st2_3/r223.cpp	local	lbl_st2_3_rodata_1650	lbl_st2_3_rodata_1650
.rodata	0x00001654	0x4	st2_3/r223.cpp	local	lbl_st2_3_rodata_1654	lbl_st2_3_rodata_1654
.rodata	0x00001658	0x4	st2_3/r223.cpp	local	lbl_st2_3_rodata_1658	lbl_st2_3_rodata_1658
.rodata	0x0000165C	0x4	st2_3/r223.cpp	local	lbl_st2_3_rodata_165C	lbl_st2_3_rodata_165C
.rodata	0x00001660	0x4	st2_3/r223.cpp	local	lbl_st2_3_rodata_1660	lbl_st2_3_rodata_1660
.rodata	0x00001664	0x4	st2_3/r223.cpp	local	lbl_st2_3_rodata_1664	lbl_st2_3_rodata_1664
.rodata	0x00001668	0x4	st2_3/r223.cpp	local	lbl_st2_3_rodata_1668	lbl_st2_3_rodata_1668
.rodata	0x0000166C	0x4	st2_3/r223.cpp	local	lbl_st2_3_rodata_166C	lbl_st2_3_rodata_166C
.rodata	0x00001670	0x4	st2_3/r223.cpp	local	lbl_st2_3_rodata_1670	lbl_st2_3_rodata_1670
.rodata	0x00001674	0x4	st2_3/r223.cpp	local	lbl_st2_3_rodata_1674	lbl_st2_3_rodata_1674
.rodata	0x00001678	0x4	st2_3/r223.cpp	local	lbl_st2_3_rodata_1678	lbl_st2_3_rodata_1678
.rodata	0x0000167C	0x4	st2_3/r223.cpp	local	lbl_st2_3_rodata_167C	lbl_st2_3_rodata_167C
.rodata	0x00001680	0x4	st2_3/r223.cpp	local	lbl_st2_3_rodata_1680	lbl_st2_3_rodata_1680
.rodata	0x00001684	0x4	st2_3/r223.cpp	local	lbl_st2_3_rodata_1684	lbl_st2_3_rodata_1684
.rodata	0x00001688	0x4	st2_3/r223.cpp	local	lbl_st2_3_rodata_1688	lbl_st2_3_rodata_1688
.rodata	0x0000168C	0x4	st2_3/r223.cpp	local	lbl_st2_3_rodata_168C	lbl_st2_3_rodata_168C
.rodata	0x00001690	0x4	st2_3/r223.cpp	local	lbl_st2_3_rodata_1690	lbl_st2_3_rodata_1690
.rodata	0x00001694	0x4	st2_3/r223.cpp	local	lbl_st2_3_rodata_1694	lbl_st2_3_rodata_1694
.rodata	0x00001698	0x4	st2_3/r223.cpp	local	lbl_st2_3_rodata_1698	lbl_st2_3_rodata_1698
.rodata	0x0000169C	0x4	st2_3/r223.cpp	local	lbl_st2_3_rodata_169C	lbl_st2_3_rodata_169C
.rodata	0x000016A0	0x4	st2_3/r223.cpp	local	lbl_st2_3_rodata_16A0	lbl_st2_3_rodata_16A0
.rodata	0x000016A4	0xC	st2_3/r223.cpp	local	lbl_st2_3_rodata_16A4	lbl_st2_3_rodata_16A4
.rodata	0x000016B0	0x4	st2_3/r223.cpp	local	lbl_st2_3_rodata_16B0	lbl_st2_3_rodata_16B0
.rodata	0x000016B4	0x4	st2_3/r223.cpp	local	lbl_st2_3_rodata_16B4	lbl_st2_3_rodata_16B4
.rodata	0x000016B8	0x28	st2_3/r223.cpp	local	lbl_st2_3_rodata_16B8	lbl_st2_3_rodata_16B8
.rodata	0x000016E0	0x28	st2_3/r223.cpp	local	lbl_st2_3_rodata_16E0	lbl_st2_3_rodata_16E0
.rodata	0x00001708	0x38	st2_3/r223.cpp	local	lbl_st2_3_rodata_1708	lbl_st2_3_rodata_1708
.rodata	0x00001740	0x28	st2_3/r223.cpp	local	lbl_st2_3_rodata_1740	lbl_st2_3_rodata_1740
.rodata	0x00001768	0x20	st2_3/r223.cpp	local	lbl_st2_3_rodata_1768	lbl_st2_3_rodata_1768
.rodata	0x00001834	0x18	st2_3/r224.cpp	local	lbl_st2_3_rodata_1834	lbl_st2_3_rodata_1834
.rodata	0x0000184C	0x4	st2_3/r224.cpp	local	lbl_st2_3_rodata_184C	lbl_st2_3_rodata_184C
.rodata	0x00001850	0x4	st2_3/r224.cpp	local	lbl_st2_3_rodata_1850	lbl_st2_3_rodata_1850
.rodata	0x00001854	0x4	st2_3/r224.cpp	local	lbl_st2_3_rodata_1854	lbl_st2_3_rodata_1854
.rodata	0x00001858	0x4	st2_3/r224.cpp	local	lbl_st2_3_rodata_1858	lbl_st2_3_rodata_1858
.rodata	0x0000185C	0x4	st2_3/r224.cpp	local	lbl_st2_3_rodata_185C	lbl_st2_3_rodata_185C
.rodata	0x00001860	0x4	st2_3/r224.cpp	local	lbl_st2_3_rodata_1860	lbl_st2_3_rodata_1860
.rodata	0x00001864	0x4	st2_3/r224.cpp	local	lbl_st2_3_rodata_1864	lbl_st2_3_rodata_1864
.rodata	0x00001868	0x4	st2_3/r224.cpp	local	lbl_st2_3_rodata_1868	lbl_st2_3_rodata_1868
.rodata	0x0000186C	0x4	st2_3/r224.cpp	local	lbl_st2_3_rodata_186C	lbl_st2_3_rodata_186C
.rodata	0x00001870	0x4	st2_3/r224.cpp	local	lbl_st2_3_rodata_1870	lbl_st2_3_rodata_1870
.rodata	0x00001874	0x4	st2_3/r224.cpp	local	lbl_st2_3_rodata_1874	lbl_st2_3_rodata_1874
.rodata	0x00001878	0x4	st2_3/r224.cpp	local	lbl_st2_3_rodata_1878	lbl_st2_3_rodata_1878
.rodata	0x0000187C	0x4	st2_3/r224.cpp	local	lbl_st2_3_rodata_187C	lbl_st2_3_rodata_187C
.rodata	0x00001880	0x4	st2_3/r224.cpp	local	lbl_st2_3_rodata_1880	lbl_st2_3_rodata_1880
.rodata	0x00001884	0x4	st2_3/r224.cpp	local	lbl_st2_3_rodata_1884	lbl_st2_3_rodata_1884
.rodata	0x00001888	0x4	st2_3/r224.cpp	local	lbl_st2_3_rodata_1888	lbl_st2_3_rodata_1888
.rodata	0x0000188C	0x4	st2_3/r224.cpp	local	lbl_st2_3_rodata_188C	lbl_st2_3_rodata_188C
.rodata	0x00001890	0x4	st2_3/r224.cpp	local	lbl_st2_3_rodata_1890	lbl_st2_3_rodata_1890
.rodata	0x00001894	0x4	st2_3/r224.cpp	local	lbl_st2_3_rodata_1894	lbl_st2_3_rodata_1894
.rodata	0x00001898	0x4	st2_3/r224.cpp	local	lbl_st2_3_rodata_1898	lbl_st2_3_rodata_1898
.rodata	0x0000189C	0x4	st2_3/r224.cpp	local	lbl_st2_3_rodata_189C	lbl_st2_3_rodata_189C
.rodata	0x000018A0	0x4	st2_3/r224.cpp	local	lbl_st2_3_rodata_18A0	lbl_st2_3_rodata_18A0
.rodata	0x000018A4	0x4	st2_3/r224.cpp	local	lbl_st2_3_rodata_18A4	lbl_st2_3_rodata_18A4
.rodata	0x000018A8	0x4	st2_3/r224.cpp	local	lbl_st2_3_rodata_18A8	lbl_st2_3_rodata_18A8
.rodata	0x000018AC	0x4	st2_3/r224.cpp	local	lbl_st2_3_rodata_18AC	lbl_st2_3_rodata_18AC
.rodata	0x000018B0	0x4	st2_3/r224.cpp	local	lbl_st2_3_rodata_18B0	lbl_st2_3_rodata_18B0
.rodata	0x000018B4	0x4	st2_3/r224.cpp	local	lbl_st2_3_rodata_18B4	lbl_st2_3_rodata_18B4
.rodata	0x000018B8	0x4	st2_3/r224.cpp	local	lbl_st2_3_rodata_18B8	lbl_st2_3_rodata_18B8
.rodata	0x000018BC	0x4	st2_3/r224.cpp	local	lbl_st2_3_rodata_18BC	lbl_st2_3_rodata_18BC
.rodata	0x000018C0	0x8	st2_3/r224.cpp	local	lbl_st2_3_rodata_18C0	lbl_st2_3_rodata_18C0
.rodata	0x000018C8	0x8	st2_3/r224.cpp	local	lbl_st2_3_rodata_18C8	lbl_st2_3_rodata_18C8
.rodata	0x000018D0	0x4	st2_3/r224.cpp	local	lbl_st2_3_rodata_18D0	lbl_st2_3_rodata_18D0
.rodata	0x000018D4	0x4	st2_3/r224.cpp	local	lbl_st2_3_rodata_18D4	lbl_st2_3_rodata_18D4
.rodata	0x000018D8	0xC	st2_3/r224.cpp	local	lbl_st2_3_rodata_18D8	lbl_st2_3_rodata_18D8
.rodata	0x000018E4	0x18	st2_3/r224.cpp	local	lbl_st2_3_rodata_18E4	lbl_st2_3_rodata_18E4
.rodata	0x000018FC	0x4	st2_3/r224.cpp	local	lbl_st2_3_rodata_18FC	lbl_st2_3_rodata_18FC
.rodata	0x00001900	0x4	st2_3/r224.cpp	local	lbl_st2_3_rodata_1900	lbl_st2_3_rodata_1900
.rodata	0x00001904	0x4	st2_3/r224.cpp	local	lbl_st2_3_rodata_1904	lbl_st2_3_rodata_1904
.rodata	0x00001908	0x4	st2_3/r224.cpp	local	lbl_st2_3_rodata_1908	lbl_st2_3_rodata_1908
.rodata	0x0000190C	0x4	st2_3/r224.cpp	local	lbl_st2_3_rodata_190C	lbl_st2_3_rodata_190C
.rodata	0x00001910	0x4	st2_3/r224.cpp	local	lbl_st2_3_rodata_1910	lbl_st2_3_rodata_1910
.rodata	0x00001914	0x4	st2_3/r224.cpp	local	lbl_st2_3_rodata_1914	lbl_st2_3_rodata_1914
.rodata	0x00001918	0x4	st2_3/r224.cpp	local	lbl_st2_3_rodata_1918	lbl_st2_3_rodata_1918
.rodata	0x0000191C	0x4	st2_3/r224.cpp	local	lbl_st2_3_rodata_191C	lbl_st2_3_rodata_191C
.rodata	0x00001920	0x10	st2_3/r224.cpp	local	lbl_st2_3_rodata_1920	lbl_st2_3_rodata_1920
.rodata	0x00001930	0x8	st2_3/r224.cpp	local	lbl_st2_3_rodata_1930	lbl_st2_3_rodata_1930
.rodata	0x00001938	0x4	st2_3/r224.cpp	local	lbl_st2_3_rodata_1938	lbl_st2_3_rodata_1938
.rodata	0x0000193C	0x4	st2_3/r224.cpp	local	lbl_st2_3_rodata_193C	lbl_st2_3_rodata_193C
.rodata	0x00001940	0x4	st2_3/r224.cpp	local	lbl_st2_3_rodata_1940	lbl_st2_3_rodata_1940
.rodata	0x00001944	0x4	st2_3/r224.cpp	local	lbl_st2_3_rodata_1944	lbl_st2_3_rodata_1944
.rodata	0x00001948	0x4	st2_3/r224.cpp	local	lbl_st2_3_rodata_1948	lbl_st2_3_rodata_1948
.rodata	0x0000194C	0x4	st2_3/r224.cpp	local	lbl_st2_3_rodata_194C	lbl_st2_3_rodata_194C
.rodata	0x00001950	0x4	st2_3/r224.cpp	local	lbl_st2_3_rodata_1950	lbl_st2_3_rodata_1950
.rodata	0x00001954	0x4	st2_3/r224.cpp	local	lbl_st2_3_rodata_1954	lbl_st2_3_rodata_1954
.rodata	0x00001958	0x4	st2_3/r224.cpp	local	lbl_st2_3_rodata_1958	lbl_st2_3_rodata_1958
.rodata	0x0000195C	0x4	st2_3/r224.cpp	local	lbl_st2_3_rodata_195C	lbl_st2_3_rodata_195C
.rodata	0x00001960	0x4	st2_3/r224.cpp	local	lbl_st2_3_rodata_1960	lbl_st2_3_rodata_1960
.rodata	0x00001964	0x4	st2_3/r224.cpp	local	lbl_st2_3_rodata_1964	lbl_st2_3_rodata_1964
.rodata	0x00001968	0x4	st2_3/r224.cpp	local	lbl_st2_3_rodata_1968	lbl_st2_3_rodata_1968
.rodata	0x0000196C	0x28	st2_3/r224.cpp	local	lbl_st2_3_rodata_196C	lbl_st2_3_rodata_196C
.rodata	0x00001994	0x28	st2_3/r224.cpp	local	lbl_st2_3_rodata_1994	lbl_st2_3_rodata_1994
.rodata	0x000019BC	0x38	st2_3/r224.cpp	local	lbl_st2_3_rodata_19BC	lbl_st2_3_rodata_19BC
.rodata	0x000019F4	0x28	st2_3/r224.cpp	local	lbl_st2_3_rodata_19F4	lbl_st2_3_rodata_19F4
.rodata	0x00001A1C	0x1C	st2_3/r224.cpp	local	lbl_st2_3_rodata_1A1C	lbl_st2_3_rodata_1A1C
.rodata	0x00001A38	0x44	st2_3/r224.cpp	local	r224_eff_info	r224_eff_info
.rodata	0x00001B2C	0x18	st2_3/r225.cpp	local	lbl_st2_3_rodata_1B2C	lbl_st2_3_rodata_1B2C
.rodata	0x00001B44	0x4	st2_3/r225.cpp	local	lbl_st2_3_rodata_1B44	lbl_st2_3_rodata_1B44
.rodata	0x00001B48	0x4	st2_3/r225.cpp	local	lbl_st2_3_rodata_1B48	lbl_st2_3_rodata_1B48
.rodata	0x00001B4C	0x4	st2_3/r225.cpp	local	lbl_st2_3_rodata_1B4C	lbl_st2_3_rodata_1B4C
.rodata	0x00001B50	0x4	st2_3/r225.cpp	local	lbl_st2_3_rodata_1B50	lbl_st2_3_rodata_1B50
.rodata	0x00001B54	0x4	st2_3/r225.cpp	local	lbl_st2_3_rodata_1B54	lbl_st2_3_rodata_1B54
.rodata	0x00001B58	0x4	st2_3/r225.cpp	local	lbl_st2_3_rodata_1B58	lbl_st2_3_rodata_1B58
.rodata	0x00001B5C	0x4	st2_3/r225.cpp	local	lbl_st2_3_rodata_1B5C	lbl_st2_3_rodata_1B5C
.rodata	0x00001B60	0x4	st2_3/r225.cpp	local	lbl_st2_3_rodata_1B60	lbl_st2_3_rodata_1B60
.rodata	0x00001B64	0x4	st2_3/r225.cpp	local	lbl_st2_3_rodata_1B64	lbl_st2_3_rodata_1B64
.rodata	0x00001B68	0x4	st2_3/r225.cpp	local	lbl_st2_3_rodata_1B68	lbl_st2_3_rodata_1B68
.rodata	0x00001B6C	0xC	st2_3/r225.cpp	local	lbl_st2_3_rodata_1B6C	lbl_st2_3_rodata_1B6C
.rodata	0x00001B78	0x4	st2_3/r225.cpp	local	lbl_st2_3_rodata_1B78	lbl_st2_3_rodata_1B78
.rodata	0x00001B7C	0x4	st2_3/r225.cpp	local	lbl_st2_3_rodata_1B7C	lbl_st2_3_rodata_1B7C
.rodata	0x00001B80	0x4	st2_3/r225.cpp	local	lbl_st2_3_rodata_1B80	lbl_st2_3_rodata_1B80
.rodata	0x00001B84	0x4	st2_3/r225.cpp	local	lbl_st2_3_rodata_1B84	lbl_st2_3_rodata_1B84
.rodata	0x00001B88	0x8	st2_3/r225.cpp	local	lbl_st2_3_rodata_1B88	lbl_st2_3_rodata_1B88
.rodata	0x00001B90	0x8	st2_3/r225.cpp	local	lbl_st2_3_rodata_1B90	lbl_st2_3_rodata_1B90
.rodata	0x00001B98	0x8	st2_3/r225.cpp	local	lbl_st2_3_rodata_1B98	lbl_st2_3_rodata_1B98
.rodata	0x00001BA0	0x8	st2_3/r225.cpp	local	lbl_st2_3_rodata_1BA0	lbl_st2_3_rodata_1BA0
.rodata	0x00001BA8	0x4	st2_3/r225.cpp	local	lbl_st2_3_rodata_1BA8	lbl_st2_3_rodata_1BA8
.rodata	0x00001BAC	0xC	st2_3/r225.cpp	local	lbl_st2_3_rodata_1BAC	lbl_st2_3_rodata_1BAC
.rodata	0x00001BB8	0xC	st2_3/r225.cpp	local	lbl_st2_3_rodata_1BB8	lbl_st2_3_rodata_1BB8
.rodata	0x00001BC4	0x4	st2_3/r225.cpp	local	lbl_st2_3_rodata_1BC4	lbl_st2_3_rodata_1BC4
.rodata	0x00001BC8	0x4	st2_3/r225.cpp	local	lbl_st2_3_rodata_1BC8	lbl_st2_3_rodata_1BC8
.rodata	0x00001BCC	0x4	st2_3/r225.cpp	local	lbl_st2_3_rodata_1BCC	lbl_st2_3_rodata_1BCC
.rodata	0x00001BD0	0x4	st2_3/r225.cpp	local	lbl_st2_3_rodata_1BD0	lbl_st2_3_rodata_1BD0
.rodata	0x00001BD4	0xC	st2_3/r225.cpp	local	lbl_st2_3_rodata_1BD4	lbl_st2_3_rodata_1BD4
.rodata	0x00001BE0	0x4	st2_3/r225.cpp	local	lbl_st2_3_rodata_1BE0	lbl_st2_3_rodata_1BE0
.rodata	0x00001BE4	0x4	st2_3/r225.cpp	local	lbl_st2_3_rodata_1BE4	lbl_st2_3_rodata_1BE4
.rodata	0x00001BE8	0x4	st2_3/r225.cpp	local	lbl_st2_3_rodata_1BE8	lbl_st2_3_rodata_1BE8
.rodata	0x00001BEC	0x4	st2_3/r225.cpp	local	lbl_st2_3_rodata_1BEC	lbl_st2_3_rodata_1BEC
.rodata	0x00001BF0	0x4	st2_3/r225.cpp	local	lbl_st2_3_rodata_1BF0	lbl_st2_3_rodata_1BF0
.rodata	0x00001BF4	0x4	st2_3/r225.cpp	local	lbl_st2_3_rodata_1BF4	lbl_st2_3_rodata_1BF4
.rodata	0x00001BF8	0x4	st2_3/r225.cpp	local	lbl_st2_3_rodata_1BF8	lbl_st2_3_rodata_1BF8
.rodata	0x00001BFC	0x4	st2_3/r225.cpp	local	lbl_st2_3_rodata_1BFC	lbl_st2_3_rodata_1BFC
.rodata	0x00001C00	0x4	st2_3/r225.cpp	local	lbl_st2_3_rodata_1C00	lbl_st2_3_rodata_1C00
.rodata	0x00001C04	0x28	st2_3/r225.cpp	local	lbl_st2_3_rodata_1C04	lbl_st2_3_rodata_1C04
.rodata	0x00001C2C	0x28	st2_3/r225.cpp	local	lbl_st2_3_rodata_1C2C	lbl_st2_3_rodata_1C2C
.rodata	0x00001C54	0x38	st2_3/r225.cpp	local	lbl_st2_3_rodata_1C54	lbl_st2_3_rodata_1C54
.rodata	0x00001C8C	0x28	st2_3/r225.cpp	local	lbl_st2_3_rodata_1C8C	lbl_st2_3_rodata_1C8C
.rodata	0x00001CB4	0x1C	st2_3/r225.cpp	local	lbl_st2_3_rodata_1CB4	lbl_st2_3_rodata_1CB4
.rodata	0x00001D70	0x10	st2_3/r226.cpp	local	lbl_st2_3_rodata_1D70	lbl_st2_3_rodata_1D70
.rodata	0x00001D80	0x18	st2_3/r226.cpp	local	lbl_st2_3_rodata_1D80	lbl_st2_3_rodata_1D80
.rodata	0x00001D98	0x18	st2_3/r226.cpp	local	lbl_st2_3_rodata_1D98	lbl_st2_3_rodata_1D98
.rodata	0x00001DB0	0xC	st2_3/r226.cpp	local	lbl_st2_3_rodata_1DB0	lbl_st2_3_rodata_1DB0
.rodata	0x00001DBC	0xC	st2_3/r226.cpp	local	lbl_st2_3_rodata_1DBC	lbl_st2_3_rodata_1DBC
.rodata	0x00001DC8	0x20	st2_3/r226.cpp	local	lbl_st2_3_rodata_1DC8	lbl_st2_3_rodata_1DC8
.rodata	0x00001DE8	0x4	st2_3/r226.cpp	local	lbl_st2_3_rodata_1DE8	lbl_st2_3_rodata_1DE8
.rodata	0x00001DEC	0x4	st2_3/r226.cpp	local	lbl_st2_3_rodata_1DEC	lbl_st2_3_rodata_1DEC
.rodata	0x00001DF0	0x4	st2_3/r226.cpp	local	lbl_st2_3_rodata_1DF0	lbl_st2_3_rodata_1DF0
.rodata	0x00001DF4	0x4	st2_3/r226.cpp	local	lbl_st2_3_rodata_1DF4	lbl_st2_3_rodata_1DF4
.rodata	0x00001DF8	0x4	st2_3/r226.cpp	local	lbl_st2_3_rodata_1DF8	lbl_st2_3_rodata_1DF8
.rodata	0x00001DFC	0x10	st2_3/r226.cpp	local	lbl_st2_3_rodata_1DFC	lbl_st2_3_rodata_1DFC
.rodata	0x00001E0C	0x4	st2_3/r226.cpp	local	lbl_st2_3_rodata_1E0C	lbl_st2_3_rodata_1E0C
.rodata	0x00001E10	0xC	st2_3/r226.cpp	local	lbl_st2_3_rodata_1E10	lbl_st2_3_rodata_1E10
.rodata	0x00001E1C	0x4	st2_3/r226.cpp	local	lbl_st2_3_rodata_1E1C	lbl_st2_3_rodata_1E1C
.rodata	0x00001E20	0x4	st2_3/r226.cpp	local	lbl_st2_3_rodata_1E20	lbl_st2_3_rodata_1E20
.rodata	0x00001E24	0x4	st2_3/r226.cpp	local	lbl_st2_3_rodata_1E24	lbl_st2_3_rodata_1E24
.rodata	0x00001E28	0x8	st2_3/r226.cpp	local	lbl_st2_3_rodata_1E28	lbl_st2_3_rodata_1E28
.rodata	0x00001E30	0x4	st2_3/r226.cpp	local	lbl_st2_3_rodata_1E30	lbl_st2_3_rodata_1E30
.rodata	0x00001E34	0x4	st2_3/r226.cpp	local	lbl_st2_3_rodata_1E34	lbl_st2_3_rodata_1E34
.rodata	0x00001E38	0x4	st2_3/r226.cpp	local	lbl_st2_3_rodata_1E38	lbl_st2_3_rodata_1E38
.rodata	0x00001E3C	0xC	st2_3/r226.cpp	local	lbl_st2_3_rodata_1E3C	lbl_st2_3_rodata_1E3C
.rodata	0x00001E48	0xC	st2_3/r226.cpp	local	lbl_st2_3_rodata_1E48	lbl_st2_3_rodata_1E48
.rodata	0x00001E54	0x4	st2_3/r226.cpp	local	lbl_st2_3_rodata_1E54	lbl_st2_3_rodata_1E54
.rodata	0x00001E58	0x4	st2_3/r226.cpp	local	lbl_st2_3_rodata_1E58	lbl_st2_3_rodata_1E58
.rodata	0x00001E5C	0x4	st2_3/r226.cpp	local	lbl_st2_3_rodata_1E5C	lbl_st2_3_rodata_1E5C
.rodata	0x00001E60	0x8	st2_3/r226.cpp	local	lbl_st2_3_rodata_1E60	lbl_st2_3_rodata_1E60
.rodata	0x00001E68	0x4	st2_3/r226.cpp	local	lbl_st2_3_rodata_1E68	lbl_st2_3_rodata_1E68
.rodata	0x00001E6C	0x4	st2_3/r226.cpp	local	lbl_st2_3_rodata_1E6C	lbl_st2_3_rodata_1E6C
.rodata	0x00001E70	0x4	st2_3/r226.cpp	local	lbl_st2_3_rodata_1E70	lbl_st2_3_rodata_1E70
.rodata	0x00001E74	0x4	st2_3/r226.cpp	local	lbl_st2_3_rodata_1E74	lbl_st2_3_rodata_1E74
.rodata	0x00001E78	0x4	st2_3/r226.cpp	local	lbl_st2_3_rodata_1E78	lbl_st2_3_rodata_1E78
.rodata	0x00001E7C	0x4	st2_3/r226.cpp	local	lbl_st2_3_rodata_1E7C	lbl_st2_3_rodata_1E7C
.rodata	0x00001E80	0x4	st2_3/r226.cpp	local	lbl_st2_3_rodata_1E80	lbl_st2_3_rodata_1E80
.rodata	0x00001E84	0x4	st2_3/r226.cpp	local	lbl_st2_3_rodata_1E84	lbl_st2_3_rodata_1E84
.rodata	0x00001E88	0x4	st2_3/r226.cpp	local	lbl_st2_3_rodata_1E88	lbl_st2_3_rodata_1E88
.rodata	0x00001E8C	0x4	st2_3/r226.cpp	local	lbl_st2_3_rodata_1E8C	lbl_st2_3_rodata_1E8C
.rodata	0x00001E90	0x4	st2_3/r226.cpp	local	lbl_st2_3_rodata_1E90	lbl_st2_3_rodata_1E90
.rodata	0x00001E94	0x4	st2_3/r226.cpp	local	lbl_st2_3_rodata_1E94	lbl_st2_3_rodata_1E94
.rodata	0x00001E98	0x4	st2_3/r226.cpp	local	lbl_st2_3_rodata_1E98	lbl_st2_3_rodata_1E98
.rodata	0x00001E9C	0x4	st2_3/r226.cpp	local	lbl_st2_3_rodata_1E9C	lbl_st2_3_rodata_1E9C
.rodata	0x00001EA0	0x4	st2_3/r226.cpp	local	lbl_st2_3_rodata_1EA0	lbl_st2_3_rodata_1EA0
.rodata	0x00001EA4	0x4	st2_3/r226.cpp	local	lbl_st2_3_rodata_1EA4	lbl_st2_3_rodata_1EA4
.rodata	0x00001EA8	0x4	st2_3/r226.cpp	local	lbl_st2_3_rodata_1EA8	lbl_st2_3_rodata_1EA8
.rodata	0x00001EAC	0x4	st2_3/r226.cpp	local	lbl_st2_3_rodata_1EAC	lbl_st2_3_rodata_1EAC
.rodata	0x00001EB0	0x4	st2_3/r226.cpp	local	lbl_st2_3_rodata_1EB0	lbl_st2_3_rodata_1EB0
.rodata	0x00001EB4	0x4	st2_3/r226.cpp	local	lbl_st2_3_rodata_1EB4	lbl_st2_3_rodata_1EB4
.rodata	0x00001EB8	0x4	st2_3/r226.cpp	local	lbl_st2_3_rodata_1EB8	lbl_st2_3_rodata_1EB8
.rodata	0x00001EBC	0x4	st2_3/r226.cpp	local	lbl_st2_3_rodata_1EBC	lbl_st2_3_rodata_1EBC
.rodata	0x00001EC0	0x18	st2_3/r226.cpp	local	lbl_st2_3_rodata_1EC0	lbl_st2_3_rodata_1EC0
.rodata	0x00001ED8	0x4	st2_3/r226.cpp	local	lbl_st2_3_rodata_1ED8	lbl_st2_3_rodata_1ED8
.rodata	0x00001EDC	0x4	st2_3/r226.cpp	local	lbl_st2_3_rodata_1EDC	lbl_st2_3_rodata_1EDC
.rodata	0x00001EE0	0x18	st2_3/r226.cpp	local	lbl_st2_3_rodata_1EE0	lbl_st2_3_rodata_1EE0
.rodata	0x00001EF8	0x8	st2_3/r226.cpp	local	lbl_st2_3_rodata_1EF8	lbl_st2_3_rodata_1EF8
.rodata	0x00001F00	0x8	st2_3/r226.cpp	local	lbl_st2_3_rodata_1F00	lbl_st2_3_rodata_1F00
.rodata	0x00001F08	0x30	st2_3/r226.cpp	local	lbl_st2_3_rodata_1F08	lbl_st2_3_rodata_1F08
.rodata	0x00001F38	0x4	st2_3/r226.cpp	local	lbl_st2_3_rodata_1F38	lbl_st2_3_rodata_1F38
.rodata	0x00001F3C	0x4	st2_3/r226.cpp	local	lbl_st2_3_rodata_1F3C	lbl_st2_3_rodata_1F3C
.rodata	0x00001F40	0x4	st2_3/r226.cpp	local	lbl_st2_3_rodata_1F40	lbl_st2_3_rodata_1F40
.rodata	0x00001F44	0x4	st2_3/r226.cpp	local	lbl_st2_3_rodata_1F44	lbl_st2_3_rodata_1F44
.rodata	0x00001F48	0x4	st2_3/r226.cpp	local	lbl_st2_3_rodata_1F48	lbl_st2_3_rodata_1F48
.rodata	0x00001F4C	0x4	st2_3/r226.cpp	local	lbl_st2_3_rodata_1F4C	lbl_st2_3_rodata_1F4C
.rodata	0x00001F50	0x4	st2_3/r226.cpp	local	lbl_st2_3_rodata_1F50	lbl_st2_3_rodata_1F50
.rodata	0x00001F54	0x18	st2_3/r226.cpp	local	lbl_st2_3_rodata_1F54	lbl_st2_3_rodata_1F54
.rodata	0x00001F6C	0x18	st2_3/r226.cpp	local	lbl_st2_3_rodata_1F6C	lbl_st2_3_rodata_1F6C
.rodata	0x00001F84	0x10	st2_3/r226.cpp	local	lbl_st2_3_rodata_1F84	lbl_st2_3_rodata_1F84
.rodata	0x00001F94	0x10	st2_3/r226.cpp	local	lbl_st2_3_rodata_1F94	lbl_st2_3_rodata_1F94
.rodata	0x00001FA4	0x4	st2_3/r226.cpp	local	lbl_st2_3_rodata_1FA4	lbl_st2_3_rodata_1FA4
.rodata	0x00001FA8	0x4	st2_3/r226.cpp	local	lbl_st2_3_rodata_1FA8	lbl_st2_3_rodata_1FA8
.rodata	0x00001FAC	0x4	st2_3/r226.cpp	local	lbl_st2_3_rodata_1FAC	lbl_st2_3_rodata_1FAC
.rodata	0x00001FB0	0x4	st2_3/r226.cpp	local	lbl_st2_3_rodata_1FB0	lbl_st2_3_rodata_1FB0
.rodata	0x00001FB4	0x4	st2_3/r226.cpp	local	lbl_st2_3_rodata_1FB4	lbl_st2_3_rodata_1FB4
.rodata	0x00001FB8	0x4	st2_3/r226.cpp	local	lbl_st2_3_rodata_1FB8	lbl_st2_3_rodata_1FB8
.rodata	0x00001FBC	0x4	st2_3/r226.cpp	local	lbl_st2_3_rodata_1FBC	lbl_st2_3_rodata_1FBC
.rodata	0x00001FC0	0x8	st2_3/r226.cpp	local	lbl_st2_3_rodata_1FC0	lbl_st2_3_rodata_1FC0
.rodata	0x00001FC8	0x8	st2_3/r226.cpp	local	lbl_st2_3_rodata_1FC8	lbl_st2_3_rodata_1FC8
.rodata	0x00001FD0	0x4	st2_3/r226.cpp	local	lbl_st2_3_rodata_1FD0	lbl_st2_3_rodata_1FD0
.rodata	0x00001FD4	0x4	st2_3/r226.cpp	local	lbl_st2_3_rodata_1FD4	lbl_st2_3_rodata_1FD4
.rodata	0x00001FD8	0x4	st2_3/r226.cpp	local	lbl_st2_3_rodata_1FD8	lbl_st2_3_rodata_1FD8
.rodata	0x00001FDC	0x4	st2_3/r226.cpp	local	lbl_st2_3_rodata_1FDC	lbl_st2_3_rodata_1FDC
.rodata	0x00001FE0	0x4	st2_3/r226.cpp	local	lbl_st2_3_rodata_1FE0	lbl_st2_3_rodata_1FE0
.rodata	0x00001FE4	0x4	st2_3/r226.cpp	local	lbl_st2_3_rodata_1FE4	lbl_st2_3_rodata_1FE4
.rodata	0x00001FE8	0x4	st2_3/r226.cpp	local	lbl_st2_3_rodata_1FE8	lbl_st2_3_rodata_1FE8
.rodata	0x00001FEC	0x4	st2_3/r226.cpp	local	lbl_st2_3_rodata_1FEC	lbl_st2_3_rodata_1FEC
.rodata	0x00001FF0	0x4	st2_3/r226.cpp	local	lbl_st2_3_rodata_1FF0	lbl_st2_3_rodata_1FF0
.rodata	0x00001FF4	0x4	st2_3/r226.cpp	local	lbl_st2_3_rodata_1FF4	lbl_st2_3_rodata_1FF4
.rodata	0x00001FF8	0x4	st2_3/r226.cpp	local	lbl_st2_3_rodata_1FF8	lbl_st2_3_rodata_1FF8
.rodata	0x00001FFC	0x4	st2_3/r226.cpp	local	lbl_st2_3_rodata_1FFC	lbl_st2_3_rodata_1FFC
.rodata	0x00002000	0x4	st2_3/r226.cpp	local	lbl_st2_3_rodata_2000	lbl_st2_3_rodata_2000
.rodata	0x00002004	0x4	st2_3/r226.cpp	local	lbl_st2_3_rodata_2004	lbl_st2_3_rodata_2004
.rodata	0x00002008	0x4	st2_3/r226.cpp	local	lbl_st2_3_rodata_2008	lbl_st2_3_rodata_2008
.rodata	0x0000200C	0x4	st2_3/r226.cpp	local	lbl_st2_3_rodata_200C	lbl_st2_3_rodata_200C
.rodata	0x00002010	0x4	st2_3/r226.cpp	local	lbl_st2_3_rodata_2010	lbl_st2_3_rodata_2010
.rodata	0x00002014	0x4	st2_3/r226.cpp	local	lbl_st2_3_rodata_2014	lbl_st2_3_rodata_2014
.rodata	0x00002018	0x4	st2_3/r226.cpp	local	lbl_st2_3_rodata_2018	lbl_st2_3_rodata_2018
.rodata	0x0000201C	0x4	st2_3/r226.cpp	local	lbl_st2_3_rodata_201C	lbl_st2_3_rodata_201C
.rodata	0x00002020	0x20	st2_3/r226.cpp	local	lbl_st2_3_rodata_2020	lbl_st2_3_rodata_2020
.rodata	0x00002040	0x20	st2_3/r226.cpp	local	lbl_st2_3_rodata_2040	lbl_st2_3_rodata_2040
.rodata	0x00002060	0x8	st2_3/r226.cpp	local	lbl_st2_3_rodata_2060	lbl_st2_3_rodata_2060
.rodata	0x00002068	0x8	st2_3/r226.cpp	local	lbl_st2_3_rodata_2068	lbl_st2_3_rodata_2068
.rodata	0x00002070	0x4	st2_3/r226.cpp	local	lbl_st2_3_rodata_2070	lbl_st2_3_rodata_2070
.rodata	0x00002074	0x28	st2_3/r226.cpp	local	lbl_st2_3_rodata_2074	lbl_st2_3_rodata_2074
.rodata	0x0000209C	0x28	st2_3/r226.cpp	local	lbl_st2_3_rodata_209C	lbl_st2_3_rodata_209C
.rodata	0x000020C4	0x38	st2_3/r226.cpp	local	lbl_st2_3_rodata_20C4	lbl_st2_3_rodata_20C4
.rodata	0x000020FC	0x28	st2_3/r226.cpp	local	lbl_st2_3_rodata_20FC	lbl_st2_3_rodata_20FC
.rodata	0x00002124	0x1C	st2_3/r226.cpp	local	lbl_st2_3_rodata_2124	lbl_st2_3_rodata_2124
.rodata	0x00002208	0x18	st2_3/r227.cpp	local	lbl_st2_3_rodata_2208	lbl_st2_3_rodata_2208
.rodata	0x00002220	0x14	st2_3/r227.cpp	local	lbl_st2_3_rodata_2220	lbl_st2_3_rodata_2220
.rodata	0x00002234	0x14	st2_3/r227.cpp	local	lbl_st2_3_rodata_2234	lbl_st2_3_rodata_2234
.rodata	0x00002248	0x14	st2_3/r227.cpp	local	lbl_st2_3_rodata_2248	lbl_st2_3_rodata_2248
.rodata	0x0000225C	0x10	st2_3/r227.cpp	local	lbl_st2_3_rodata_225C	lbl_st2_3_rodata_225C
.rodata	0x0000226C	0x10	st2_3/r227.cpp	local	lbl_st2_3_rodata_226C	lbl_st2_3_rodata_226C
.rodata	0x0000227C	0x10	st2_3/r227.cpp	local	lbl_st2_3_rodata_227C	lbl_st2_3_rodata_227C
.rodata	0x0000228C	0x4	st2_3/r227.cpp	local	lbl_st2_3_rodata_228C	lbl_st2_3_rodata_228C
.rodata	0x00002290	0x4	st2_3/r227.cpp	local	lbl_st2_3_rodata_2290	lbl_st2_3_rodata_2290
.rodata	0x00002294	0x4	st2_3/r227.cpp	local	lbl_st2_3_rodata_2294	lbl_st2_3_rodata_2294
.rodata	0x00002298	0x4	st2_3/r227.cpp	local	lbl_st2_3_rodata_2298	lbl_st2_3_rodata_2298
.rodata	0x0000229C	0x4	st2_3/r227.cpp	local	lbl_st2_3_rodata_229C	lbl_st2_3_rodata_229C
.rodata	0x000022A0	0x4	st2_3/r227.cpp	local	lbl_st2_3_rodata_22A0	lbl_st2_3_rodata_22A0
.rodata	0x000022A4	0x4	st2_3/r227.cpp	local	lbl_st2_3_rodata_22A4	lbl_st2_3_rodata_22A4
.rodata	0x000022A8	0x4	st2_3/r227.cpp	local	lbl_st2_3_rodata_22A8	lbl_st2_3_rodata_22A8
.rodata	0x000022AC	0x4	st2_3/r227.cpp	local	lbl_st2_3_rodata_22AC	lbl_st2_3_rodata_22AC
.rodata	0x000022B0	0x4	st2_3/r227.cpp	local	lbl_st2_3_rodata_22B0	lbl_st2_3_rodata_22B0
.rodata	0x000022B4	0x4	st2_3/r227.cpp	local	lbl_st2_3_rodata_22B4	lbl_st2_3_rodata_22B4
.rodata	0x000022B8	0x4	st2_3/r227.cpp	local	lbl_st2_3_rodata_22B8	lbl_st2_3_rodata_22B8
.rodata	0x000022BC	0x4	st2_3/r227.cpp	local	lbl_st2_3_rodata_22BC	lbl_st2_3_rodata_22BC
.rodata	0x000022C0	0x4	st2_3/r227.cpp	local	lbl_st2_3_rodata_22C0	lbl_st2_3_rodata_22C0
.rodata	0x000022C4	0x4	st2_3/r227.cpp	local	lbl_st2_3_rodata_22C4	lbl_st2_3_rodata_22C4
.rodata	0x000022C8	0x4	st2_3/r227.cpp	local	lbl_st2_3_rodata_22C8	lbl_st2_3_rodata_22C8
.rodata	0x000022CC	0x4	st2_3/r227.cpp	local	lbl_st2_3_rodata_22CC	lbl_st2_3_rodata_22CC
.rodata	0x000022D0	0x4	st2_3/r227.cpp	local	lbl_st2_3_rodata_22D0	lbl_st2_3_rodata_22D0
.rodata	0x000022D4	0x4	st2_3/r227.cpp	local	lbl_st2_3_rodata_22D4	lbl_st2_3_rodata_22D4
.rodata	0x000022D8	0xC	st2_3/r227.cpp	local	lbl_st2_3_rodata_22D8	lbl_st2_3_rodata_22D8
.rodata	0x000022E4	0x4	st2_3/r227.cpp	local	lbl_st2_3_rodata_22E4	lbl_st2_3_rodata_22E4
.rodata	0x000022E8	0x4	st2_3/r227.cpp	local	lbl_st2_3_rodata_22E8	lbl_st2_3_rodata_22E8
.rodata	0x000022EC	0x4	st2_3/r227.cpp	local	lbl_st2_3_rodata_22EC	lbl_st2_3_rodata_22EC
.rodata	0x000022F0	0x4	st2_3/r227.cpp	local	lbl_st2_3_rodata_22F0	lbl_st2_3_rodata_22F0
.rodata	0x000022F4	0x4	st2_3/r227.cpp	local	lbl_st2_3_rodata_22F4	lbl_st2_3_rodata_22F4
.rodata	0x000022F8	0x8	st2_3/r227.cpp	local	lbl_st2_3_rodata_22F8	lbl_st2_3_rodata_22F8
.rodata	0x00002300	0x8	st2_3/r227.cpp	local	lbl_st2_3_rodata_2300	lbl_st2_3_rodata_2300
.rodata	0x00002308	0x8	st2_3/r227.cpp	local	lbl_st2_3_rodata_2308	lbl_st2_3_rodata_2308
.rodata	0x00002310	0x20	st2_3/r227.cpp	local	lbl_st2_3_rodata_2310	lbl_st2_3_rodata_2310
.rodata	0x00002330	0x20	st2_3/r227.cpp	local	lbl_st2_3_rodata_2330	lbl_st2_3_rodata_2330
.rodata	0x00002350	0x8	st2_3/r227.cpp	local	lbl_st2_3_rodata_2350	lbl_st2_3_rodata_2350
.rodata	0x00002358	0x4	st2_3/r227.cpp	local	lbl_st2_3_rodata_2358	lbl_st2_3_rodata_2358
.rodata	0x0000235C	0x8	st2_3/r227.cpp	local	lbl_st2_3_rodata_235C	lbl_st2_3_rodata_235C
.rodata	0x00002364	0x28	st2_3/r227.cpp	local	lbl_st2_3_rodata_2364	lbl_st2_3_rodata_2364
.rodata	0x0000238C	0x28	st2_3/r227.cpp	local	lbl_st2_3_rodata_238C	lbl_st2_3_rodata_238C
.rodata	0x000023B4	0x38	st2_3/r227.cpp	local	lbl_st2_3_rodata_23B4	lbl_st2_3_rodata_23B4
.rodata	0x000023EC	0x28	st2_3/r227.cpp	local	lbl_st2_3_rodata_23EC	lbl_st2_3_rodata_23EC
.rodata	0x00002414	0x1C	st2_3/r227.cpp	local	lbl_st2_3_rodata_2414	lbl_st2_3_rodata_2414
.rodata	0x000024F8	0x18	st2_3/r228.cpp	local	lbl_st2_3_rodata_24F8	lbl_st2_3_rodata_24F8
.rodata	0x00002510	0x14	st2_3/r228.cpp	local	lbl_st2_3_rodata_2510	lbl_st2_3_rodata_2510
.rodata	0x00002524	0x14	st2_3/r228.cpp	local	lbl_st2_3_rodata_2524	lbl_st2_3_rodata_2524
.rodata	0x00002538	0x14	st2_3/r228.cpp	local	lbl_st2_3_rodata_2538	lbl_st2_3_rodata_2538
.rodata	0x0000254C	0x4	st2_3/r228.cpp	local	lbl_st2_3_rodata_254C	lbl_st2_3_rodata_254C
.rodata	0x00002550	0x4	st2_3/r228.cpp	local	lbl_st2_3_rodata_2550	lbl_st2_3_rodata_2550
.rodata	0x00002554	0x18	st2_3/r228.cpp	local	lbl_st2_3_rodata_2554	lbl_st2_3_rodata_2554
.rodata	0x0000256C	0x18	st2_3/r228.cpp	local	lbl_st2_3_rodata_256C	lbl_st2_3_rodata_256C
.rodata	0x00002584	0x18	st2_3/r228.cpp	local	lbl_st2_3_rodata_2584	lbl_st2_3_rodata_2584
.rodata	0x0000259C	0x4	st2_3/r228.cpp	local	lbl_st2_3_rodata_259C	lbl_st2_3_rodata_259C
.rodata	0x000025A0	0xC	st2_3/r228.cpp	local	lbl_st2_3_rodata_25A0	lbl_st2_3_rodata_25A0
.rodata	0x000025AC	0x4	st2_3/r228.cpp	local	lbl_st2_3_rodata_25AC	lbl_st2_3_rodata_25AC
.rodata	0x000025B0	0x4	st2_3/r228.cpp	local	lbl_st2_3_rodata_25B0	lbl_st2_3_rodata_25B0
.rodata	0x000025B4	0x8	st2_3/r228.cpp	local	lbl_st2_3_rodata_25B4	lbl_st2_3_rodata_25B4
.rodata	0x000025BC	0x8	st2_3/r228.cpp	local	lbl_st2_3_rodata_25BC	lbl_st2_3_rodata_25BC
.rodata	0x000025C4	0x4	st2_3/r228.cpp	local	lbl_st2_3_rodata_25C4	lbl_st2_3_rodata_25C4
.rodata	0x000025C8	0x28	st2_3/r228.cpp	local	lbl_st2_3_rodata_25C8	lbl_st2_3_rodata_25C8
.rodata	0x000025F0	0x28	st2_3/r228.cpp	local	lbl_st2_3_rodata_25F0	lbl_st2_3_rodata_25F0
.rodata	0x00002618	0x28	st2_3/r228.cpp	local	lbl_st2_3_rodata_2618	lbl_st2_3_rodata_2618
.rodata	0x00002640	0x38	st2_3/r228.cpp	local	lbl_st2_3_rodata_2640	lbl_st2_3_rodata_2640
.rodata	0x00002678	0x28	st2_3/r228.cpp	local	lbl_st2_3_rodata_2678	lbl_st2_3_rodata_2678
.rodata	0x000026A0	0x1C	st2_3/r228.cpp	local	lbl_st2_3_rodata_26A0	lbl_st2_3_rodata_26A0
.rodata	0x00002784	0x44	st2_3/r229.cpp	local	lbl_st2_3_rodata_2784	lbl_st2_3_rodata_2784
.rodata	0x000027C8	0x4	st2_3/r229.cpp	local	lbl_st2_3_rodata_27C8	lbl_st2_3_rodata_27C8
.rodata	0x000027CC	0x4	st2_3/r229.cpp	local	lbl_st2_3_rodata_27CC	lbl_st2_3_rodata_27CC
.rodata	0x000027D0	0x28	st2_3/r229.cpp	local	lbl_st2_3_rodata_27D0	lbl_st2_3_rodata_27D0
.rodata	0x000027F8	0x28	st2_3/r229.cpp	local	lbl_st2_3_rodata_27F8	lbl_st2_3_rodata_27F8
.rodata	0x00002820	0x28	st2_3/r229.cpp	local	lbl_st2_3_rodata_2820	lbl_st2_3_rodata_2820
.rodata	0x00002848	0x38	st2_3/r229.cpp	local	lbl_st2_3_rodata_2848	lbl_st2_3_rodata_2848
.rodata	0x00002880	0x28	st2_3/r229.cpp	local	lbl_st2_3_rodata_2880	lbl_st2_3_rodata_2880
.rodata	0x000028A8	0x1C	st2_3/r229.cpp	local	lbl_st2_3_rodata_28A8	lbl_st2_3_rodata_28A8
.rodata	0x000028C4	0x34	st2_3/r229.cpp	local	r229_roomEff	r229_roomEff
.rodata	0x00002978	0x18	st2_3/r22a.cpp	local	lbl_st2_3_rodata_2978	lbl_st2_3_rodata_2978
.rodata	0x00002990	0x14	st2_3/r22a.cpp	local	lbl_st2_3_rodata_2990	lbl_st2_3_rodata_2990
.rodata	0x000029A4	0x14	st2_3/r22a.cpp	local	lbl_st2_3_rodata_29A4	lbl_st2_3_rodata_29A4
.rodata	0x000029B8	0x18	st2_3/r22a.cpp	local	lbl_st2_3_rodata_29B8	lbl_st2_3_rodata_29B8
.rodata	0x000029D0	0x4	st2_3/r22a.cpp	local	lbl_st2_3_rodata_29D0	lbl_st2_3_rodata_29D0
.rodata	0x000029D4	0xC	st2_3/r22a.cpp	local	r22a_ropePos.396	r22a_ropePos.396
.rodata	0x000029E0	0xC	st2_3/r22a.cpp	local	r22a_ropeAng.397	r22a_ropeAng.397
.rodata	0x000029EC	0x20	st2_3/r22a.cpp	local	lbl_st2_3_rodata_29EC	lbl_st2_3_rodata_29EC
.rodata	0x00002A0C	0xC	st2_3/r22a.cpp	local	lbl_st2_3_rodata_2A0C	lbl_st2_3_rodata_2A0C
.rodata	0x00002A18	0xC	st2_3/r22a.cpp	local	lbl_st2_3_rodata_2A18	lbl_st2_3_rodata_2A18
.rodata	0x00002A24	0x4	st2_3/r22a.cpp	local	lbl_st2_3_rodata_2A24	lbl_st2_3_rodata_2A24
.rodata	0x00002A28	0x8	st2_3/r22a.cpp	local	lbl_st2_3_rodata_2A28	lbl_st2_3_rodata_2A28
.rodata	0x00002A30	0x4	st2_3/r22a.cpp	local	lbl_st2_3_rodata_2A30	lbl_st2_3_rodata_2A30
.rodata	0x00002A34	0x4	st2_3/r22a.cpp	local	lbl_st2_3_rodata_2A34	lbl_st2_3_rodata_2A34
.rodata	0x00002A38	0x8	st2_3/r22a.cpp	local	lbl_st2_3_rodata_2A38	lbl_st2_3_rodata_2A38
.rodata	0x00002A40	0x4	st2_3/r22a.cpp	local	lbl_st2_3_rodata_2A40	lbl_st2_3_rodata_2A40
.rodata	0x00002A44	0x4	st2_3/r22a.cpp	local	lbl_st2_3_rodata_2A44	lbl_st2_3_rodata_2A44
.rodata	0x00002A48	0x4	st2_3/r22a.cpp	local	lbl_st2_3_rodata_2A48	lbl_st2_3_rodata_2A48
.rodata	0x00002A4C	0x4	st2_3/r22a.cpp	local	lbl_st2_3_rodata_2A4C	lbl_st2_3_rodata_2A4C
.rodata	0x00002A50	0x4	st2_3/r22a.cpp	local	lbl_st2_3_rodata_2A50	lbl_st2_3_rodata_2A50
.rodata	0x00002A54	0x4	st2_3/r22a.cpp	local	lbl_st2_3_rodata_2A54	lbl_st2_3_rodata_2A54
.rodata	0x00002A58	0x4	st2_3/r22a.cpp	local	lbl_st2_3_rodata_2A58	lbl_st2_3_rodata_2A58
.rodata	0x00002A5C	0x4	st2_3/r22a.cpp	local	lbl_st2_3_rodata_2A5C	lbl_st2_3_rodata_2A5C
.rodata	0x00002A60	0x4	st2_3/r22a.cpp	local	lbl_st2_3_rodata_2A60	lbl_st2_3_rodata_2A60
.rodata	0x00002A64	0x4	st2_3/r22a.cpp	local	lbl_st2_3_rodata_2A64	lbl_st2_3_rodata_2A64
.rodata	0x00002A68	0x4	st2_3/r22a.cpp	local	lbl_st2_3_rodata_2A68	lbl_st2_3_rodata_2A68
.rodata	0x00002A6C	0x4	st2_3/r22a.cpp	local	lbl_st2_3_rodata_2A6C	lbl_st2_3_rodata_2A6C
.rodata	0x00002A70	0x4	st2_3/r22a.cpp	local	lbl_st2_3_rodata_2A70	lbl_st2_3_rodata_2A70
.rodata	0x00002A74	0x4	st2_3/r22a.cpp	local	lbl_st2_3_rodata_2A74	lbl_st2_3_rodata_2A74
.rodata	0x00002ABC	0x18	st2_3/r22b.cpp	local	lbl_st2_3_rodata_2ABC	lbl_st2_3_rodata_2ABC
.rodata	0x00002AD4	0x14	st2_3/r22b.cpp	local	lbl_st2_3_rodata_2AD4	lbl_st2_3_rodata_2AD4
.rodata	0x00002AE8	0x18	st2_3/r22b.cpp	local	lbl_st2_3_rodata_2AE8	lbl_st2_3_rodata_2AE8
.rodata	0x00002B00	0xC	st2_3/st2.cpp	local	lbl_st2_3_rodata_2B00	lbl_st2_3_rodata_2B00
.rodata	0x00002B0C	0xC	st2_3/st2.cpp	local	lbl_st2_3_rodata_2B0C	lbl_st2_3_rodata_2B0C
.rodata	0x00002B18	0x10	st2_3/st2.cpp	local	lbl_st2_3_rodata_2B18	lbl_st2_3_rodata_2B18
.rodata	0x00002B28	0x10	st2_3/st2.cpp	local	lbl_st2_3_rodata_2B28	lbl_st2_3_rodata_2B28
.rodata	0x00002B38	0x18	st2_3/st2.cpp	local	lbl_st2_3_rodata_2B38	lbl_st2_3_rodata_2B38
.data	0x00000000	0x90	st2_3/r21a.cpp	global	r21a_roofTbl	r21a_roofTbl
.data	0x00000090	0x18	st2_3/r21a.cpp	local	r21a_patrolTbl	r21a_patrolTbl
.data	0x000000A8	0x30	st2_3/r21b.cpp	local	r21b_emTbl0	r21b_emTbl0
.data	0x000000D8	0x30	st2_3/r21b.cpp	local	r21b_emTbl1	r21b_emTbl1
.data	0x00000108	0x48	st2_3/r21b.cpp	local	r21b_emTbl2	r21b_emTbl2
.data	0x00000150	0x3C	st2_3/r21b.cpp	local	r21b_emTbl3	r21b_emTbl3
.data	0x0000018C	0x30	st2_3/r21b.cpp	local	r21b_emTbl4	r21b_emTbl4
.data	0x000001BC	0x3C	st2_3/r21b.cpp	local	r21b_emTbl5	r21b_emTbl5
.data	0x000001F8	0x3C	st2_3/r21b.cpp	local	r21b_emTbl6	r21b_emTbl6
.data	0x00000234	0x1C	st2_3/r21b.cpp	local	r21b_emTbl	r21b_emTbl
.data	0x00000250	0x50	st2_3/r21d.cpp	global	r21d_trapTbl	r21d_trapTbl
.data	0x000002A0	0x4	st2_3/r223.cpp	local	reva_rate	reva_rate
.data	0x000002A4	0x4	st2_3/r223.cpp	local	reva_acc	reva_acc
.data	0x000002A8	0x4	st2_3/r223.cpp	local	reva2_lo	reva2_lo
.data	0x000002AC	0x4	st2_3/r223.cpp	local	reva2_hi	reva2_hi
.data	0x000002B0	0x4	st2_3/r223.cpp	local	reva3_lo	reva3_lo
.data	0x000002B4	0x4	st2_3/r223.cpp	local	reva3_hi	reva3_hi
.data	0x000002B8	0x4	st2_3/r223.cpp	local	dai_lo	dai_lo
.data	0x000002BC	0x4	st2_3/r223.cpp	local	dai_hi	dai_hi
.data	0x000002C0	0x4	st2_3/r224.cpp	local	reva_low	reva_low
.data	0x000002C4	0x4	st2_3/r224.cpp	local	reva_high	reva_high
.data	0x000002C8	0x4	st2_3/r224.cpp	local	reva_rate	reva_rate
.data	0x000002CC	0x4	st2_3/r224.cpp	local	reva_acc	reva_acc
.data	0x000002D0	0x54	st2_3/r225.cpp	local	r225_elvArrive	r225_elvArrive
.data	0x00000324	0x54	st2_3/r225.cpp	local	r225_elvLeave	r225_elvLeave
.data	0x00000378	0x54	st2_3/r226.cpp	local	r226_elvArrive	r226_elvArrive
.data	0x000003CC	0x54	st2_3/r226.cpp	local	r226_elvLeave	r226_elvLeave
.data	0x00000420	0x34	st2_3/r226.cpp	global	R226EmNo	R226EmNo
.data	0x00000454	0x38	st2_3/r226.cpp	global	R226EmIdx	R226EmIdx
.data	0x0000048C	0x4	st2_3/r226.cpp	local	r226_buttonAdj	r226_buttonAdj
.data	0x00000490	0xC	st2_3/r226.cpp	local	r226_dbgCamPos	r226_dbgCamPos
.data	0x0000049C	0xC	st2_3/r226.cpp	local	r226_dbgCamAt	r226_dbgCamAt
.data	0x000004A8	0x4	st2_3/r226.cpp	local	r226_dbgCamFovy	r226_dbgCamFovy
.data	0x000004AC	0x4	st2_3/r226.cpp	local	r226_pushFrame	r226_pushFrame
.data	0x000004B0	0xC	st2_3/r226.cpp	local	r226_camPosInit	r226_camPosInit
.data	0x000004BC	0xC	st2_3/r226.cpp	local	r226_camAtInit	r226_camAtInit
.data	0x000004C8	0xC	st2_3/r226.cpp	local	r226_camSpdPos	r226_camSpdPos
.data	0x000004D4	0xC	st2_3/r226.cpp	local	r226_camSpdAt	r226_camSpdAt
.data	0x000004E0	0x4	st2_3/r226.cpp	local	r226_fovyBridge	r226_fovyBridge
.data	0x000004E4	0xC	st2_3/r226.cpp	local	r226_camOfsPos	r226_camOfsPos
.data	0x000004F0	0xC	st2_3/r226.cpp	local	r226_camOfsAt	r226_camOfsAt
.data	0x000004FC	0x4	st2_3/r226.cpp	local	r226_fovyPassage	r226_fovyPassage
.data	0x00000500	0x4	st2_3/r226.cpp	local	r226_fovyDie	r226_fovyDie
.data	0x00000504	0x4	st2_3/r226.cpp	local	r226_pillarSpd	r226_pillarSpd
.data	0x00000508	0x10	st2_3/r227.cpp	global	r227_boxNo	r227_boxNo
.data	0x00000518	0xC	st2_3/r22a.cpp	local	r22a_plOfs0	r22a_plOfs0
.data	0x00000524	0xC	st2_3/r22a.cpp	local	r22a_plOfs1	r22a_plOfs1
.bss	0x00000000	0x4	st2_3/r21a.cpp	global	r21a_work	r21a_work
.bss	0x00000004	0x4	st2_3/r21b.cpp	local	r21b_work	r21b_work
.bss	0x00000008	0x20	st2_3/r21d.cpp	local	r21d_texTbl	r21d_texTbl
.bss	0x00000028	0x4	st2_3/r21d.cpp	local	r21d_work	r21d_work
.bss	0x0000002C	0x4	st2_3/r220.cpp	local	r220_work	r220_work
.bss	0x00000030	0x20	st2_3/r221.cpp	local	r221_texTbl	r221_texTbl
.bss	0x00000050	0x4	st2_3/r221.cpp	local	r221_work	r221_work
.bss	0x00000054	0x4	st2_3/r223.cpp	local	r223_work	r223_work
.bss	0x00000058	0x4	st2_3/r224.cpp	local	r224_work	r224_work
.bss	0x0000005C	0x4	st2_3/r225.cpp	local	r225_work	r225_work
.bss	0x00000060	0x4	st2_3/r226.cpp	local	r226_work	r226_work
.bss	0x00000064	0xF8	st2_3/r226.cpp	local	r226_cam	r226_cam
.bss	0x0000015C	0x4	st2_3/r227.cpp	local	r227_work	r227_work
.bss	0x00000160	0x20	st2_3/r228.cpp	local	r228_texTbl0	r228_texTbl0
.bss	0x00000180	0x20	st2_3/r228.cpp	local	r228_texTbl1	r228_texTbl1
.bss	0x000001A0	0x4	st2_3/r228.cpp	local	r228_work	r228_work
.bss	0x000001A4	0x20	st2_3/r229.cpp	local	r229_texTbl0	r229_texTbl0
.bss	0x000001C4	0x20	st2_3/r229.cpp	local	r229_texTbl1	r229_texTbl1
.bss	0x000001E4	0x4	st2_3/r229.cpp	local	r229_work	r229_work
.bss	0x000001E8	0x4	st2_3/r22a.cpp	local	r22a_work	r22a_work
.bss	0x000001EC	0x4	st2_3/r22b.cpp	local	r22b_work	r22b_work
.bss	0x000001F0	0x34	st2_3/r21a.cpp	global	common_st2_3	common_st2_3
